deviceId,gpsTime,latitude,longitude,deviceSpeed,ignition,orientation,vehicleClass
DEVICE001,1710634200000,23.131748,89.539324,3.4,True,313.2,3
DEVICE001,1710634260000,23.131538,89.539304,2.5,True,186.9,1
DEVICE001,1710634800000,23.131726,89.539375,0.5,True,160.5,4
DEVICE001,1710635940000,23.131723,89.539577,5.0,True,341.2,1
DEVICE001,1710636360000,23.13147,89.539438,2.1,True,65.0,3
DEVICE001,1710637740000,23.131719,89.539204,4.2,True,45.4,2
DEVICE001,1710637920000,23.131832,89.539213,0.6,True,323.5,4
DEVICE001,1710639180000,23.131734,89.539375,1.8,True,345.8,1
DEVICE001,1710639600000,23.1316,89.539287,2.0,True,57.6,1
DEVICE001,1710639780000,23.131691,89.539379,2.2,True,27.7,2
DEVICE001,1710639900000,23.131848,89.539299,2.2,True,329.9,4
DEVICE001,1710640020000,23.131546,89.539276,0.9,True,42.4,3
DEVICE001,1710640140000,23.131607,89.539487,3.2,True,11.7,2
DEVICE001,1710642900000,23.131917,89.539177,2.7,True,256.3,2
DEVICE001,1710643800000,23.131812,89.539587,1.8,True,285.1,2
DEVICE001,1710643860000,23.131815,89.539228,3.4,True,125.1,1
DEVICE001,1710644460000,23.131665,89.539251,1.8,True,353.9,2
DEVICE001,1710646380000,23.131655,89.539371,2.1,True,45.1,3
DEVICE001,1710646740000,23.131858,89.539341,4.4,True,258.1,4
DEVICE001,1710646800000,23.131771,89.539248,2.9,True,181.0,1
DEVICE001,1710646860000,23.131648,89.539326,0.4,True,46.2,6
DEVICE001,1710647580000,23.1318,89.53935,0.6,True,116.2,2
DEVICE001,1710649020000,23.131725,89.539417,0.6,True,180.9,2
DEVICE001,1710649260000,23.131594,89.539228,4.2,True,10.2,1
DEVICE001,1710649980000,23.131809,89.539238,4.5,True,228.6,6
DEVICE001,1710650220000,23.131849,89.539422,4.7,True,259.4,6
DEVICE001,1710650460000,23.131759,89.539369,3.9,True,206.0,6
DEVICE001,1710651660000,23.131708,89.539241,2.5,True,344.4,4
DEVICE001,1710652200000,23.131698,89.539307,2.2,True,218.4,3
DEVICE001,1710652500000,23.131732,89.539224,4.0,True,26.3,1
DEVICE001,1710653160000,23.131805,89.539256,1.2,True,117.9,6
DEVICE001,1710653280000,23.131834,89.539348,1.2,True,138.3,6
DEVICE001,1710654360000,23.131775,89.539184,1.6,True,185.3,4
DEVICE001,1710654480000,23.131684,89.539268,1.9,True,167.9,3
DEVICE001,1710654900000,23.131746,89.539103,3.6,True,351.1,2
DEVICE001,1710656280000,23.134809,89.534951,31.1,True,317.7,3
DEVICE001,1710657060000,23.137351,89.537299,15.7,True,348.0,2
DEVICE001,1710657300000,23.127632,89.542883,23.7,True,197.9,6
DEVICE001,1710657420000,23.137317,89.541125,25.6,True,317.6,4
DEVICE001,1710658080000,23.133321,89.539755,27.1,True,202.3,3
DEVICE001,1710658920000,23.134698,89.542714,16.4,True,170.5,4
DEVICE001,1710659340000,23.127329,89.538867,33.2,True,220.7,2
DEVICE001,1710660300000,23.131483,89.535094,44.7,True,121.1,6
DEVICE001,1710660840000,23.126528,89.537115,29.7,True,6.0,3
DEVICE001,1710660900000,23.13187,89.535971,43.2,True,183.3,6
DEVICE001,1710661080000,23.140318,89.537505,29.2,True,279.4,6
DEVICE001,1710661140000,23.136708,89.53852,18.6,True,286.2,3
DEVICE001,1710661380000,23.128054,89.541447,18.3,True,323.6,1
DEVICE001,1710662460000,23.127262,89.541821,28.2,True,73.4,6
DEVICE001,1710662940000,23.132085,89.545812,39.6,True,252.2,2
DEVICE001,1710665160000,23.125717,89.540047,16.5,True,259.6,4
DEVICE001,1710665340000,23.122208,89.541024,33.3,True,261.9,2
DEVICE001,1710666780000,23.140892,89.539193,33.7,True,135.7,2
DEVICE001,1710667080000,23.126844,89.54641,2.5,False,92.3,4
DEVICE001,1710667440000,23.125962,89.543829,53.7,True,278.3,2
DEVICE001,1710667740000,23.127664,89.545559,54.7,True,277.9,3
DEVICE001,1710668100000,23.133565,89.533165,56.0,True,43.9,6
DEVICE001,1710668340000,23.138005,89.537587,29.1,True,107.5,3
DEVICE001,1710668940000,23.135081,89.551353,17.3,True,114.1,3
DEVICE001,1710669600000,23.136411,89.538652,57.9,True,235.0,4
DEVICE001,1710670320000,23.130405,89.54949,49.7,True,97.8,1
DEVICE001,1710671940000,23.131939,89.541877,44.5,True,325.9,2
DEVICE001,1710672000000,23.137556,89.543519,14.0,True,170.1,2
DEVICE001,1710673200000,23.117092,89.528243,17.9,True,120.6,4
DEVICE001,1710674760000,23.139842,89.555347,52.9,True,359.0,4
DEVICE001,1710675660000,23.138627,89.537718,12.0,True,232.5,1
DEVICE001,1710675660000,23.119256,89.536492,34.4,True,337.2,2
DEVICE001,1710675660000,23.112883,89.540023,32.6,True,306.4,4
DEVICE001,1710676200000,23.150633,89.531361,29.7,True,333.4,1
DEVICE001,1710676800000,23.128701,89.53791,11.0,True,63.2,4
DEVICE001,1710677520000,23.132924,89.541191,12.1,True,92.6,2
DEVICE001,1710678060000,23.131629,89.541184,4.5,False,85.1,1
DEVICE001,1710678600000,23.133731,89.539385,4.9,False,160.8,3
DEVICE001,1710679920000,23.13431,89.540843,6.4,True,66.5,2
DEVICE001,1710680820000,23.130743,89.538798,0.9,False,118.1,6
DEVICE001,1710681540000,23.13072,89.536645,2.4,True,338.6,3
DEVICE001,1710681960000,23.131932,89.535705,10.5,True,297.2,2
DEVICE001,1710682080000,23.131287,89.537034,1.7,False,323.6,4
DEVICE001,1710682740000,23.129583,89.539602,3.3,False,356.0,3
DEVICE001,1710682980000,23.129346,89.538909,11.3,False,130.2,6
DEVICE001,1710684120000,23.127937,89.52742,35.4,True,21.7,1
DEVICE001,1710685740000,23.120659,89.545829,17.9,True,201.2,3
DEVICE001,1710686760000,23.131744,89.540078,11.3,True,78.4,1
DEVICE001,1710687720000,23.134063,89.544182,27.2,True,230.9,4
DEVICE001,1710687900000,23.125213,89.528714,51.0,True,235.3,3
DEVICE001,1710688020000,23.119832,89.536455,20.7,True,262.0,2
DEVICE001,1710688980000,23.116837,89.552888,69.6,True,326.4,4
DEVICE001,1710689220000,23.13512,89.532546,41.9,True,124.6,3
DEVICE001,1710690780000,23.140098,89.540499,10.2,True,242.5,6
DEVICE001,1710691320000,23.12222,89.521402,36.8,True,88.1,1
DEVICE001,1710692700000,23.115529,89.535158,36.3,True,279.4,2
DEVICE001,1710694140000,23.137455,89.534536,66.2,True,24.2,6
DEVICE001,1710694740000,23.132014,89.536754,62.5,True,237.7,6
DEVICE001,1710695700000,23.137245,89.546207,14.1,True,79.6,3
DEVICE001,1710695820000,23.143474,89.535376,6.8,True,328.2,4
DEVICE001,1710695880000,23.138567,89.535359,12.0,True,207.9,3
DEVICE001,1710696000000,23.127518,89.542062,25.9,True,66.2,6
DEVICE001,1710696600000,23.133593,89.551004,12.2,True,52.0,4
DEVICE001,1710696900000,23.14585,89.536823,19.9,True,241.7,6
DEVICE001,1710698280000,23.126452,89.542549,6.7,True,190.8,4
DEVICE001,1710698520000,23.135615,89.548705,31.2,True,260.7,6
DEVICE001,1710699180000,23.135449,89.535352,19.4,True,344.5,1
DEVICE001,1710699360000,23.12357,89.528497,11.1,True,305.0,1
DEVICE001,1710700440000,23.133499,89.543717,26.7,True,242.5,6
DEVICE001,1710703440000,23.128703,89.535156,19.0,True,129.5,4
DEVICE001,1710703740000,23.138475,89.538509,8.0,True,302.3,2
DEVICE001,1710704640000,23.135523,89.552087,23.1,True,198.7,3
DEVICE001,1710705540000,23.131233,89.529369,10.7,True,271.6,2
DEVICE001,1710706200000,23.130779,89.54062,18.3,True,196.8,2
DEVICE001,1710706440000,23.133531,89.536245,9.5,True,235.7,3
DEVICE001,1710706560000,23.126967,89.539644,19.1,True,266.3,4
DEVICE001,1710706800000,23.129806,89.538488,10.3,True,52.5,3
DEVICE001,1710707700000,23.129024,89.537813,23.4,True,54.9,3
DEVICE001,1710709260000,23.130486,89.547464,13.2,True,6.2,4
DEVICE001,1710709920000,23.131723,89.542107,15.5,True,286.2,1
DEVICE001,1710709980000,23.128857,89.542276,12.6,True,240.0,6
DEVICE001,1710711660000,23.126096,89.538441,23.9,True,26.8,1
DEVICE001,1710712080000,23.132961,89.537482,0.2,False,254.6,1
DEVICE001,1710712260000,23.134651,89.545359,23.5,True,188.8,2
DEVICE001,1710712680000,23.131421,89.539327,12.1,True,198.6,1
DEVICE001,1710714300000,23.131963,89.543934,11.5,True,108.0,1
DEVICE001,1710714900000,23.128714,89.535761,11.9,True,29.8,4
DEVICE001,1710715260000,23.131318,89.538685,24.8,True,145.9,4
DEVICE001,1710715260000,23.126339,89.536917,19.6,True,34.3,6
DEVICE001,1710716280000,23.135513,89.536623,1.1,False,204.0,3
DEVICE001,1710716460000,23.127485,89.536695,24.0,True,256.6,4
DEVICE001,1710719940000,23.134881,89.537017,1.9,True,11.8,3
DEVICE001,1710719940000,23.128195,89.537783,1.9,False,305.8,6
DEVICE002,1710634680000,23.113397,89.583255,4.8,True,329.1,3
DEVICE002,1710635040000,23.113232,89.583186,2.3,True,140.2,1
DEVICE002,1710635400000,23.113335,89.583299,0.8,True,286.8,6
DEVICE002,1710635640000,23.113297,89.583101,0.0,True,268.5,1
DEVICE002,1710635880000,23.113314,89.58303,0.4,True,142.2,1
DEVICE002,1710636240000,23.11323,89.583229,4.2,True,104.3,3
DEVICE002,1710637980000,23.113231,89.583041,2.1,True,57.9,2
DEVICE002,1710639240000,23.113363,89.583172,2.7,True,266.9,3
DEVICE002,1710639300000,23.113322,89.583159,4.4,True,206.2,4
DEVICE002,1710641700000,23.11327,89.582997,3.9,True,99.6,3
DEVICE002,1710641880000,23.113304,89.583203,3.4,True,209.0,3
DEVICE002,1710642000000,23.113234,89.583266,2.4,True,249.6,2
DEVICE002,1710642120000,23.113278,89.583099,0.6,True,223.0,2
DEVICE002,1710642960000,23.113393,89.582901,2.8,True,60.7,3
DEVICE002,1710643980000,23.113416,89.583235,1.3,True,204.2,1
DEVICE002,1710644040000,23.11343,89.583129,3.8,True,232.1,1
DEVICE002,1710646260000,23.113365,89.583259,2.8,True,303.0,2
DEVICE002,1710646980000,23.113384,89.583059,3.7,True,129.1,3
DEVICE002,1710647820000,23.113286,89.583344,2.7,True,27.5,1
DEVICE002,1710647820000,23.113279,89.583135,0.1,True,209.5,4
DEVICE002,1710648240000,23.113319,89.583284,1.3,True,186.4,3
DEVICE002,1710648480000,23.113203,89.58313,2.3,True,180.8,2
DEVICE002,1710648780000,23.113185,89.583097,4.5,True,359.5,4
DEVICE002,1710649680000,23.113186,89.583084,0.8,True,314.0,2
DEVICE002,1710650460000,23.113257,89.58319,3.9,True,278.0,3
DEVICE002,1710650820000,23.11333,89.583126,3.7,True,274.1,2
DEVICE002,1710651240000,23.113455,89.583119,4.8,True,272.6,2
DEVICE002,1710652200000,23.113223,89.583129,1.1,True,54.1,2
DEVICE002,1710653400000,23.113325,89.583117,4.6,True,233.5,1
DEVICE002,1710653460000,23.113313,89.583129,4.0,True,317.5,4
DEVICE002,1710653580000,23.113374,89.583124,1.3,True,146.1,3
DEVICE002,1710653640000,23.113234,89.583205,2.9,True,211.6,1
DEVICE002,1710654300000,23.11325,89.583077,4.8,True,267.1,6
DEVICE002,1710655260000,23.117954,89.587958,22.3,True,48.5,6
DEVICE002,1710655320000,23.115124,89.585541,41.7,True,332.1,6
DEVICE002,1710656700000,23.112411,89.582759,33.0,True,259.0,3
DEVICE002,1710657000000,23.106678,89.584015,35.3,True,233.0,4
DEVICE002,1710657480000,23.115967,89.585586,36.5,True,292.0,1
DEVICE002,1710659580000,23.123343,89.582681,28.5,True,61.4,4
DEVICE002,1710659760000,23.108853,89.572746,20.0,True,214.8,1
DEVICE002,1710661080000,23.105889,89.578898,19.3,True,224.4,6
DEVICE002,1710663840000,23.115914,89.585256,26.6,True,309.5,6
DEVICE002,1710664680000,23.114553,89.577355,16.2,True,42.3,4
DEVICE002,1710664920000,23.105842,89.577462,18.9,True,322.9,4
DEVICE002,1710664980000,23.114631,89.584953,27.6,True,171.3,6
DEVICE002,1710666360000,23.112917,89.596763,25.5,True,327.6,1
DEVICE002,1710667080000,23.107358,89.58146,35.9,True,2.0,1
DEVICE002,1710667560000,23.122768,89.585786,22.2,True,82.6,4
DEVICE002,1710667560000,23.119847,89.592736,21.7,True,91.3,6
DEVICE002,1710667620000,23.094386,89.567106,33.9,True,143.1,2
DEVICE002,1710668160000,23.105607,89.582176,31.4,True,74.0,3
DEVICE002,1710669000000,23.104768,89.594805,46.1,True,326.8,6
DEVICE002,1710670200000,23.103807,89.572244,23.3,True,296.4,4
DEVICE002,1710670740000,23.114525,89.575168,34.7,True,49.7,1
DEVICE002,1710671100000,23.116771,89.572657,47.2,True,246.4,1
DEVICE002,1710671700000,23.105657,89.583982,47.0,True,199.8,3
DEVICE002,1710672420000,23.117338,89.564025,13.8,True,36.1,6
DEVICE002,1710673140000,23.118621,89.586424,36.0,True,133.5,6
DEVICE002,1710673380000,23.11819,89.572792,56.7,True,158.0,2
DEVICE002,1710675960000,23.124289,89.58206,23.1,True,187.6,6
DEVICE002,1710676440000,23.115486,89.576943,39.4,True,12.1,6
DEVICE002,1710676800000,23.115511,89.581908,11.1,False,261.4,6
DEVICE002,1710677100000,23.112093,89.584736,15.0,True,211.0,6
DEVICE002,1710677760000,23.110142,89.581811,10.4,True,272.7,4
DEVICE002,1710678540000,23.113161,89.585177,13.9,False,38.3,1
DEVICE002,1710678720000,23.11494,89.578399,4.4,False,315.4,6
DEVICE002,1710678780000,23.112436,89.581459,10.5,False,235.8,2
DEVICE002,1710680280000,23.11487,89.582769,8.7,True,218.3,2
DEVICE002,1710681300000,23.111592,89.579845,4.3,True,27.4,2
DEVICE002,1710682140000,23.111769,89.583311,13.4,False,137.8,2
DEVICE002,1710682200000,23.114551,89.582161,4.7,False,341.0,2
DEVICE002,1710682260000,23.112933,89.579092,11.1,False,74.4,2
DEVICE002,1710682740000,23.114417,89.581564,0.1,False,113.6,6
DEVICE002,1710682980000,23.111713,89.584113,10.5,True,192.8,3
DEVICE002,1710683580000,23.113833,89.583926,3.7,True,331.3,4
DEVICE002,1710683700000,23.117734,89.582701,4.1,False,100.9,2
DEVICE002,1710684480000,23.116779,89.572271,13.2,True,194.7,6
DEVICE002,1710684480000,23.106125,89.566253,68.8,True,259.5,2
DEVICE002,1710685200000,23.117464,89.578224,31.7,True,94.6,3
DEVICE002,1710685320000,23.11089,89.577427,33.6,True,351.5,6
DEVICE002,1710685740000,23.128257,89.583928,28.9,True,136.6,1
DEVICE002,1710685800000,23.109784,89.588452,67.5,True,152.6,4
DEVICE002,1710686640000,23.106609,89.590722,55.1,True,162.3,6
DEVICE002,1710687780000,23.11202,89.57986,33.9,True,293.0,4
DEVICE002,1710688320000,23.105986,89.573083,44.6,True,352.6,3
DEVICE002,1710689220000,23.119269,89.600058,61.4,True,265.9,4
DEVICE002,1710689640000,23.115164,89.574897,53.2,True,202.4,6
DEVICE002,1710689700000,23.113207,89.585136,65.9,True,43.6,6
DEVICE002,1710690660000,23.10857,89.585681,10.6,True,321.6,6
DEVICE002,1710690780000,23.104721,89.585934,47.8,True,129.9,6
DEVICE002,1710692220000,23.117875,89.559948,63.3,True,269.2,6
DEVICE002,1710692400000,23.097021,89.584419,50.4,True,320.3,4
DEVICE002,1710692460000,23.109918,89.590714,23.7,True,96.3,4
DEVICE002,1710692760000,23.095799,89.574678,47.9,True,25.7,2
DEVICE002,1710693540000,23.109518,89.579018,27.2,True,60.3,3
DEVICE002,1710694860000,23.105012,89.593575,6.1,True,311.1,4
DEVICE002,1710695160000,23.11821,89.590383,12.9,True,318.8,3
DEVICE002,1710695640000,23.11151,89.591364,12.4,True,47.3,2
DEVICE002,1710696360000,23.115192,89.580677,10.0,True,84.5,3
DEVICE002,1710697620000,23.116481,89.584885,26.0,True,37.1,1
DEVICE002,1710698340000,23.111981,89.582721,31.4,True,142.9,1
DEVICE002,1710700080000,23.110331,89.584966,14.2,True,3.8,6
DEVICE002,1710700620000,23.107507,89.576881,22.9,True,203.0,6
DEVICE002,1710700800000,23.111275,89.588293,24.2,True,194.3,1
DEVICE002,1710701280000,23.119659,89.583502,19.3,True,105.5,2
DEVICE002,1710701400000,23.108971,89.587544,5.2,True,201.8,4
DEVICE002,1710701520000,23.116536,89.586863,27.7,True,192.6,4
DEVICE002,1710701940000,23.098391,89.588522,13.2,True,251.1,2
DEVICE002,1710702600000,23.106454,89.574192,26.4,True,79.4,1
DEVICE002,1710702660000,23.118391,89.587364,9.1,True,163.0,6
DEVICE002,1710703080000,23.108651,89.58219,24.5,True,67.7,1
DEVICE002,1710703620000,23.102598,89.582015,23.8,True,220.8,3
DEVICE002,1710705600000,23.111889,89.585309,12.3,True,287.8,3
DEVICE002,1710705780000,23.110374,89.585486,6.7,True,65.4,3
DEVICE002,1710706320000,23.11788,89.589618,8.0,True,8.0,1
DEVICE002,1710706680000,23.112255,89.578417,6.7,True,83.8,2
DEVICE002,1710707340000,23.114506,89.58338,17.4,True,270.2,2
DEVICE002,1710708720000,23.121409,89.58378,9.5,True,257.3,4
DEVICE002,1710709620000,23.112825,89.583347,5.9,True,286.0,6
DEVICE002,1710709620000,23.113647,89.591031,9.9,True,209.2,4
DEVICE002,1710709800000,23.12012,89.584987,15.7,True,187.5,3
DEVICE002,1710710100000,23.116565,89.583833,18.4,True,277.6,6
DEVICE002,1710711000000,23.11529,89.589085,16.0,True,310.9,2
DEVICE002,1710711720000,23.108832,89.583908,24.6,True,112.4,3
DEVICE002,1710713400000,23.108032,89.584872,1.7,False,195.0,4
DEVICE002,1710714000000,23.112407,89.588725,18.3,True,329.2,6
DEVICE002,1710714900000,23.112668,89.581297,7.4,True,67.2,3
DEVICE002,1710715080000,23.113332,89.586668,3.9,False,246.9,3
DEVICE002,1710715440000,23.116014,89.585305,13.4,True,114.0,6
DEVICE002,1710715440000,23.112939,89.580887,9.4,True,14.2,4
DEVICE002,1710715800000,23.109672,89.588317,16.1,True,263.9,1
DEVICE002,1710716340000,23.113367,89.582083,24.2,True,128.0,2
DEVICE002,1710717120000,23.109505,89.583195,13.1,True,220.7,3
DEVICE002,1710719340000,23.111911,89.584461,16.0,True,6.7,3
DEVICE002,1710719340000,23.112837,89.584117,15.5,True,348.2,4
DEVICE003,1710634080000,23.117943,89.557089,4.2,True,109.2,6
DEVICE003,1710634860000,23.118151,89.55708,0.3,True,31.8,4
DEVICE003,1710635280000,23.118126,89.557206,4.4,True,159.9,4
DEVICE003,1710636000000,23.117879,89.557187,4.6,True,255.7,2
DEVICE003,1710636660000,23.118071,89.55726,2.2,True,323.2,4
DEVICE003,1710637740000,23.118171,89.55707,1.3,True,170.1,3
DEVICE003,1710637860000,23.11796,89.557234,4.2,True,296.2,3
DEVICE003,1710638760000,23.118108,89.557042,0.9,True,10.2,3
DEVICE003,1710640380000,23.117824,89.557128,2.9,True,80.8,1
DEVICE003,1710640860000,23.118006,89.557151,4.2,True,115.1,2
DEVICE003,1710640980000,23.117758,89.557078,1.4,True,185.0,2
DEVICE003,1710641040000,23.117914,89.557209,3.0,True,157.0,3
DEVICE003,1710642120000,23.117973,89.557225,0.8,True,328.4,3
DEVICE003,1710643200000,23.118171,89.557092,3.4,True,134.4,6
DEVICE003,1710643680000,23.11799,89.556996,0.5,True,314.1,3
DEVICE003,1710644400000,23.117954,89.557292,0.7,True,148.3,2
DEVICE003,1710644760000,23.1178,89.557117,1.1,True,286.2,6
DEVICE003,1710645960000,23.118152,89.557207,2.3,True,332.4,4
DEVICE003,1710646740000,23.118173,89.557065,3.4,True,256.5,1
DEVICE003,1710646980000,23.117908,89.557215,3.5,True,126.6,2
DEVICE003,1710648480000,23.117837,89.557199,4.9,True,40.2,1
DEVICE003,1710648840000,23.117936,89.556978,0.6,True,110.7,2
DEVICE003,1710649140000,23.118058,89.557204,3.5,True,355.5,6
DEVICE003,1710650880000,23.118028,89.557197,4.9,True,268.0,1
DEVICE003,1710650940000,23.117928,89.557149,2.4,True,11.8,6
DEVICE003,1710651780000,23.118013,89.557105,2.3,True,108.6,1
DEVICE003,1710652260000,23.118043,89.557132,3.4,True,268.6,3
DEVICE003,1710653520000,23.118095,89.557198,2.9,True,5.0,2
DEVICE003,1710653820000,23.118051,89.557221,1.7,True,262.3,2
DEVICE003,1710654300000,23.117945,89.557333,1.0,True,193.4,1
DEVICE003,1710654480000,23.118085,89.557217,0.5,True,211.5,2
DEVICE003,1710655140000,23.117831,89.557117,1.1,True,131.9,6
DEVICE003,1710655500000,23.121039,89.559836,24.8,True,216.1,3
DEVICE003,1710655620000,23.113256,89.557246,30.6,True,103.8,1
DEVICE003,1710655980000,23.110911,89.561765,30.4,True,113.1,4
DEVICE003,1710656880000,23.125399,89.563045,35.2,True,353.3,4
DEVICE003,1710658800000,23.115634,89.557245,45.0,True,157.7,1
DEVICE003,1710659040000,23.119039,89.560295,25.9,True,303.9,4
DEVICE003,1710659220000,23.112567,89.561028,19.3,True,36.6,2
DEVICE003,1710659220000,23.112755,89.5598,22.0,True,275.3,6
DEVICE003,1710661020000,23.119753,89.550157,23.2,True,144.1,4
DEVICE003,1710661320000,23.113239,89.560374,33.1,True,100.4,4
DEVICE003,1710661980000,23.114081,89.555745,28.3,True,307.9,2
DEVICE003,1710662040000,23.121065,89.552345,17.1,True,244.5,2
DEVICE003,1710662820000,23.110954,89.557242,22.5,True,48.5,1
DEVICE003,1710664680000,23.12199,89.562833,35.4,True,34.7,1
DEVICE003,1710665220000,23.124835,89.560251,16.6,True,349.9,4
DEVICE003,1710667680000,23.127975,89.559213,27.6,True,309.7,3
DEVICE003,1710667800000,23.123787,89.549583,28.6,True,140.9,4
DEVICE003,1710667860000,23.103935,89.553283,30.3,True,194.6,1
DEVICE003,1710668220000,23.112451,89.552119,58.3,True,352.0,3
DEVICE003,1710668880000,23.109038,89.557561,31.2,True,105.7,4
DEVICE003,1710668880000,23.120928,89.554365,1.9,True,162.0,4
DEVICE003,1710668880000,23.112654,89.546649,6.6,True,246.7,6
DEVICE003,1710669360000,23.113695,89.557352,42.4,True,257.7,4
DEVICE003,1710669660000,23.123283,89.562633,35.4,True,291.4,6
DEVICE003,1710669660000,23.112457,89.55158,45.9,True,154.1,3
DEVICE003,1710671160000,23.114795,89.552001,21.1,True,233.3,6
DEVICE003,1710674400000,23.102318,89.549981,2.2,True,96.0,4
DEVICE003,1710675420000,23.112265,89.562651,1.3,True,206.1,4
DEVICE003,1710676680000,23.120669,89.554228,41.3,True,61.1,6
DEVICE003,1710679140000,23.118836,89.559833,4.5,True,350.7,1
DEVICE003,1710679440000,23.114336,89.557196,10.1,True,240.3,2
DEVICE003,1710679980000,23.117843,89.557728,12.8,False,358.6,4
DEVICE003,1710680640000,23.116331,89.557938,8.5,True,27.6,3
DEVICE003,1710682320000,23.117091,89.555637,12.1,True,149.2,3
DEVICE003,1710682740000,23.117459,89.554547,11.1,False,213.1,3
DEVICE003,1710682740000,23.120049,89.555208,7.7,False,185.8,2
DEVICE003,1710684900000,23.122924,89.561394,34.4,True,88.4,3
DEVICE003,1710685740000,23.128444,89.556549,39.1,True,326.0,2
DEVICE003,1710685860000,23.13399,89.553239,22.8,True,168.2,6
DEVICE003,1710685980000,23.110778,89.558853,22.0,True,268.7,3
DEVICE003,1710687060000,23.119266,89.546534,46.9,True,203.8,1
DEVICE003,1710687240000,23.110114,89.574228,36.1,True,23.2,2
DEVICE003,1710687240000,23.124427,89.544227,34.7,True,92.3,6
DEVICE003,1710688620000,23.117037,89.575137,18.2,True,237.1,2
DEVICE003,1710688800000,23.132416,89.5412,46.1,True,146.5,3
DEVICE003,1710690060000,23.129225,89.55452,61.2,True,7.2,1
DEVICE003,1710690120000,23.138184,89.569992,49.4,True,260.7,2
DEVICE003,1710691620000,23.112918,89.557114,44.3,True,239.1,6
DEVICE003,1710694140000,23.117752,89.5779,65.9,True,85.7,1
DEVICE003,1710694140000,23.111657,89.568761,58.4,True,140.4,2
DEVICE003,1710694740000,23.121814,89.562008,35.4,True,349.2,4
DEVICE003,1710694920000,23.110512,89.544969,30.2,True,248.6,2
DEVICE003,1710695760000,23.124945,89.559672,30.9,True,251.9,1
DEVICE003,1710695760000,23.112481,89.571219,21.6,True,130.6,1
DEVICE003,1710696000000,23.113532,89.557831,21.4,True,100.0,2
DEVICE003,1710696180000,23.114516,89.560926,19.3,True,232.3,6
DEVICE003,1710696840000,23.121713,89.552481,31.0,True,327.5,4
DEVICE003,1710699420000,23.124315,89.544349,31.0,True,169.6,4
DEVICE003,1710699540000,23.119928,89.553176,7.7,True,75.7,2
DEVICE003,1710701040000,23.123722,89.559661,12.8,True,262.5,6
DEVICE003,1710701880000,23.113492,89.567132,18.2,True,232.0,1
DEVICE003,1710701940000,23.11549,89.545101,30.2,True,295.3,2
DEVICE003,1710702300000,23.118012,89.566609,8.3,True,276.3,2
DEVICE003,1710702840000,23.125581,89.558225,5.6,True,220.3,2
DEVICE003,1710702960000,23.11353,89.554172,10.2,True,101.4,1
DEVICE003,1710703200000,23.119922,89.557457,18.6,True,231.0,4
DEVICE003,1710703560000,23.113408,89.560744,16.0,True,300.5,6
DEVICE003,1710705000000,23.121997,89.557199,24.2,True,110.0,6
DEVICE003,1710705240000,23.105977,89.564711,22.8,True,162.5,2
DEVICE003,1710705480000,23.113443,89.558215,7.7,True,306.7,1
DEVICE003,1710705660000,23.11768,89.56127,7.3,True,326.6,3
DEVICE003,1710706020000,23.118995,89.550308,0.4,True,297.8,4
DEVICE003,1710706020000,23.120092,89.564059,5.6,True,292.8,3
DEVICE003,1710706680000,23.115637,89.559273,18.7,True,74.4,2
DEVICE003,1710707940000,23.117906,89.558415,10.7,True,132.5,6
DEVICE003,1710708720000,23.116609,89.55432,7.1,True,147.1,2
DEVICE003,1710709200000,23.116128,89.555382,6.3,True,142.1,3
DEVICE003,1710709560000,23.124558,89.559353,13.9,True,169.5,3
DEVICE003,1710709680000,23.114308,89.555676,24.2,True,93.7,6
DEVICE003,1710711060000,23.119137,89.556014,23.3,True,114.2,6
DEVICE003,1710711480000,23.121954,89.556293,23.5,True,269.4,1
DEVICE003,1710711780000,23.120885,89.558853,16.2,True,313.7,4
DEVICE003,1710711780000,23.115647,89.559225,5.3,True,215.0,1
DEVICE003,1710712980000,23.120259,89.557642,5.7,True,254.1,4
DEVICE003,1710713220000,23.118765,89.556739,24.9,True,128.3,6
DEVICE003,1710713340000,23.114769,89.564787,6.5,True,179.7,3
DEVICE003,1710714780000,23.120029,89.55549,7.8,True,358.0,2
DEVICE003,1710714900000,23.115039,89.552637,21.3,True,19.2,2
DEVICE003,1710715620000,23.112126,89.559876,9.0,True,94.8,3
DEVICE003,1710717180000,23.118757,89.558773,21.7,True,183.1,3
DEVICE003,1710718140000,23.121401,89.552156,12.3,True,44.5,1
DEVICE003,1710718560000,23.114579,89.555086,22.3,True,349.8,6
DEVICE003,1710718620000,23.120073,89.558761,23.2,True,10.4,4
DEVICE003,1710719340000,23.11695,89.557723,14.3,True,276.6,1
DEVICE003,1710719760000,23.116179,89.565391,8.2,True,43.9,3
DEVICE004,1710636360000,23.143119,89.577274,1.9,True,313.1,6
DEVICE004,1710636600000,23.143034,89.577474,0.4,True,335.1,1
DEVICE004,1710636660000,23.14321,89.577307,3.7,True,174.4,6
DEVICE004,1710638100000,23.143357,89.577583,1.2,True,252.0,1
DEVICE004,1710638640000,23.143235,89.577212,4.6,True,235.4,6
DEVICE004,1710638820000,23.143468,89.577414,5.0,True,117.5,4
DEVICE004,1710639120000,23.143199,89.577373,0.2,True,299.6,6
DEVICE004,1710639720000,23.143085,89.577338,0.7,True,32.6,3
DEVICE004,1710640140000,23.143213,89.577227,1.4,True,342.5,1
DEVICE004,1710640500000,23.14344,89.577221,2.3,True,173.6,6
DEVICE004,1710640500000,23.14304,89.577268,1.1,True,23.3,3
DEVICE004,1710642000000,23.14342,89.577305,0.7,True,179.9,4
DEVICE004,1710642780000,23.143202,89.577347,3.3,True,3.3,4
DEVICE004,1710642840000,23.143162,89.57744,0.9,True,277.7,2
DEVICE004,1710643620000,23.143332,89.577593,3.0,True,206.2,2
DEVICE004,1710643860000,23.143237,89.577455,1.2,True,40.1,3
DEVICE004,1710644040000,23.143123,89.577484,1.6,True,111.9,6
DEVICE004,1710646200000,23.14326,89.577453,3.2,True,347.9,1
DEVICE004,1710646680000,23.143238,89.577178,1.4,True,298.0,1
DEVICE004,1710646680000,23.143089,89.57737,1.6,True,98.4,6
DEVICE004,1710647460000,23.143274,89.577312,1.7,True,263.8,2
DEVICE004,1710648240000,23.14321,89.577523,2.6,True,70.2,6
DEVICE004,1710649140000,23.143137,89.577209,4.9,True,356.8,6
DEVICE004,1710649500000,23.143109,89.577099,1.7,True,272.8,4
DEVICE004,1710649500000,23.143163,89.577531,0.5,True,311.7,1
DEVICE004,1710650640000,23.143297,89.577331,2.4,True,289.6,2
DEVICE004,1710650820000,23.143284,89.577325,0.3,True,175.5,4
DEVICE004,1710650820000,23.143114,89.577522,3.3,True,36.7,2
DEVICE004,1710651240000,23.143193,89.57751,4.7,True,207.8,4
DEVICE004,1710652140000,23.14322,89.577387,3.1,True,86.7,4
DEVICE004,1710652260000,23.143331,89.577453,4.7,True,121.9,4
DEVICE004,1710652740000,23.143382,89.577331,3.4,True,135.1,1
DEVICE004,1710652980000,23.14328,89.577406,0.1,True,230.9,6
DEVICE004,1710653220000,23.143259,89.577402,3.4,True,128.0,4
DEVICE004,1710654540000,23.143283,89.577283,2.3,True,227.6,4
DEVICE004,1710655260000,23.148938,89.576919,32.6,True,249.7,1
DEVICE004,1710655860000,23.141718,89.572607,27.2,True,294.3,6
DEVICE004,1710657360000,23.139641,89.584414,18.8,True,310.4,6
DEVICE004,1710658200000,23.126573,89.592262,32.8,True,253.0,3
DEVICE004,1710659040000,23.136428,89.573359,30.6,True,284.4,1
DEVICE004,1710659100000,23.138492,89.577189,44.4,True,196.0,4
DEVICE004,1710660960000,23.146645,89.582827,21.2,True,306.5,1
DEVICE004,1710661320000,23.139463,89.588855,15.0,True,187.0,3
DEVICE004,1710661440000,23.13479,89.574346,20.4,True,44.3,2
DEVICE004,1710661680000,23.153669,89.575088,37.6,True,65.0,6
DEVICE004,1710662520000,23.140337,89.586369,20.6,True,344.7,6
DEVICE004,1710663360000,23.145828,89.576352,35.3,True,73.4,3
DEVICE004,1710664440000,23.136422,89.573785,28.3,True,188.2,3
DEVICE004,1710664500000,23.141582,89.579403,21.5,True,224.0,1
DEVICE004,1710664500000,23.135275,89.584688,22.6,True,144.0,1
DEVICE004,1710664680000,23.143812,89.579583,31.1,True,295.1,2
DEVICE004,1710664680000,23.145137,89.573445,19.9,True,283.6,4
DEVICE004,1710664800000,23.144944,89.581886,35.9,True,236.6,6
DEVICE004,1710666240000,23.1581,89.586667,19.8,True,280.1,2
DEVICE004,1710668280000,23.142,89.587145,14.8,True,246.2,4
DEVICE004,1710669300000,23.142704,89.580965,47.9,True,352.6,2
DEVICE004,1710669960000,23.150224,89.584224,47.0,True,315.2,6
DEVICE004,1710670260000,23.142095,89.556414,20.7,True,191.4,6
DEVICE004,1710671700000,23.14528,89.578835,16.3,True,114.5,4
DEVICE004,1710672300000,23.148714,89.58294,9.3,True,264.8,1
DEVICE004,1710672720000,23.149357,89.581559,48.4,True,206.0,3
DEVICE004,1710672960000,23.139106,89.577978,51.0,True,3.4,6
DEVICE004,1710673500000,23.155588,89.58203,9.9,True,199.5,4
DEVICE004,1710673860000,23.137772,89.584516,26.3,True,103.3,4
DEVICE004,1710674340000,23.141906,89.580583,24.4,True,28.6,2
DEVICE004,1710674700000,23.154463,89.570339,0.8,False,257.1,6
DEVICE004,1710675000000,23.138475,89.566334,29.9,True,191.7,1
DEVICE004,1710675180000,23.154026,89.567421,56.5,True,109.9,1
DEVICE004,1710675600000,23.141644,89.571531,58.5,True,219.1,4
DEVICE004,1710676260000,23.151408,89.575394,52.5,True,183.1,2
DEVICE004,1710678120000,23.139204,89.574142,3.7,False,242.8,6
DEVICE004,1710678300000,23.142039,89.577931,5.3,False,190.5,2
DEVICE004,1710678420000,23.142556,89.578073,7.4,False,329.1,2
DEVICE004,1710679140000,23.143118,89.577534,6.9,True,320.5,2
DEVICE004,1710679620000,23.143588,89.579042,9.5,True,335.9,6
DEVICE004,1710679920000,23.146273,89.574943,13.4,True,20.7,1
DEVICE004,1710679980000,23.14267,89.579598,8.1,False,95.3,1
DEVICE004,1710680220000,23.142524,89.578166,3.4,False,127.2,1
DEVICE004,1710680820000,23.144876,89.579798,13.7,False,81.4,4
DEVICE004,1710680820000,23.144638,89.578929,2.8,False,119.2,1
DEVICE004,1710681000000,23.148766,89.575943,10.0,True,42.8,4
DEVICE004,1710681780000,23.145174,89.575818,4.5,True,97.0,4
DEVICE004,1710682500000,23.1417,89.580403,7.4,False,317.4,6
DEVICE004,1710682920000,23.145358,89.579926,12.6,False,2.1,2
DEVICE004,1710684300000,23.143323,89.583124,55.7,True,184.0,2
DEVICE004,1710684480000,23.126163,89.577372,19.3,True,85.1,3
DEVICE004,1710684480000,23.142266,89.583832,34.1,True,52.6,1
DEVICE004,1710684660000,23.151863,89.56624,21.3,True,53.5,1
DEVICE004,1710684720000,23.144194,89.572806,38.4,True,263.0,6
DEVICE004,1710685020000,23.16436,89.553165,56.0,True,89.0,4
DEVICE004,1710685620000,23.1424,89.566731,68.6,True,104.2,4
DEVICE004,1710687540000,23.145671,89.572652,54.5,True,344.8,1
DEVICE004,1710688020000,23.141468,89.586501,26.2,True,150.5,3
DEVICE004,1710688320000,23.15295,89.580591,15.5,True,110.3,2
DEVICE004,1710688440000,23.131402,89.578929,30.2,True,231.8,3
DEVICE004,1710688680000,23.14711,89.574866,38.3,True,66.5,4
DEVICE004,1710688860000,23.149313,89.562048,31.6,True,212.0,6
DEVICE004,1710688980000,23.154607,89.58696,30.1,True,245.9,2
DEVICE004,1710691020000,23.146407,89.578204,12.9,True,268.1,2
DEVICE004,1710691680000,23.135993,89.574992,21.5,True,315.7,6
DEVICE004,1710691920000,23.146763,89.575592,52.3,True,196.8,3
DEVICE004,1710692100000,23.145688,89.586908,49.0,True,319.4,2
DEVICE004,1710692340000,23.149946,89.576936,53.5,True,259.5,1
DEVICE004,1710693600000,23.15291,89.586492,54.6,True,328.4,2
DEVICE004,1710695400000,23.13554,89.576923,18.1,True,140.5,6
DEVICE004,1710696360000,23.153386,89.574248,20.7,True,60.1,3
DEVICE004,1710697440000,23.139546,89.591895,34.0,True,21.9,2
DEVICE004,1710697620000,23.135847,89.577604,29.4,True,184.9,1
DEVICE004,1710698220000,23.141187,89.575188,16.0,True,157.0,4
DEVICE004,1710698520000,23.147765,89.575649,24.2,True,47.9,1
DEVICE004,1710699180000,23.145495,89.580923,10.5,True,250.8,6
DEVICE004,1710700140000,23.142388,89.572808,20.1,True,306.9,3
DEVICE004,1710700860000,23.147352,89.577102,34.4,True,41.8,3
DEVICE004,1710701100000,23.146373,89.580279,13.1,True,192.1,3
DEVICE004,1710702300000,23.132566,89.580157,19.9,True,63.4,6
DEVICE004,1710702540000,23.142432,89.571023,18.4,True,53.4,4
DEVICE004,1710702840000,23.145657,89.585479,14.7,True,309.0,4
DEVICE004,1710704040000,23.152825,89.566905,24.7,True,210.0,4
DEVICE004,1710704280000,23.136687,89.590325,34.2,True,318.2,3
DEVICE004,1710704460000,23.137509,89.57155,12.7,True,74.2,4
DEVICE004,1710704760000,23.147269,89.574382,9.0,True,354.7,1
DEVICE004,1710705120000,23.142647,89.572549,15.7,True,92.2,1
DEVICE004,1710705960000,23.146493,89.581169,18.1,True,4.2,1
DEVICE004,1710706080000,23.144682,89.578207,6.2,True,225.9,1
DEVICE004,1710707040000,23.143624,89.577688,9.6,True,299.0,1
DEVICE004,1710708180000,23.144293,89.577863,15.2,True,88.3,4
DEVICE004,1710708360000,23.145015,89.577608,4.5,True,64.0,4
DEVICE004,1710708600000,23.144614,89.576998,24.2,True,265.0,3
DEVICE004,1710709500000,23.139412,89.577846,5.1,True,160.0,2
DEVICE004,1710709620000,23.145252,89.578888,0.5,False,184.2,4
DEVICE004,1710709740000,23.146373,89.577848,0.0,False,53.1,3
DEVICE004,1710710040000,23.141411,89.573184,23.0,True,257.3,1
DEVICE004,1710710340000,23.143816,89.578212,8.3,True,249.1,6
DEVICE004,1710711060000,23.144439,89.584787,4.2,False,101.5,1
DEVICE004,1710711480000,23.139257,89.5766,3.8,True,244.6,2
DEVICE004,1710711540000,23.138877,89.582616,8.3,True,30.5,1
DEVICE004,1710714240000,23.139536,89.57744,10.5,True,191.7,2
DEVICE004,1710714420000,23.143009,89.578658,24.0,True,358.1,2
DEVICE004,1710714480000,23.144,89.574034,18.0,True,24.2,6
DEVICE004,1710715080000,23.140538,89.582047,19.8,True,235.4,2
DEVICE004,1710715320000,23.14261,89.58388,9.2,True,287.5,1
DEVICE004,1710715380000,23.144386,89.574842,7.5,True,37.4,4
DEVICE004,1710715740000,23.141913,89.580229,9.6,True,249.6,4
DEVICE004,1710716100000,23.145848,89.580895,23.3,True,115.3,4
DEVICE004,1710716700000,23.139768,89.57923,14.5,True,249.7,2
DEVICE004,1710717300000,23.144033,89.582283,5.3,True,42.2,2
DEVICE004,1710717480000,23.145181,89.574105,11.5,True,335.3,4
DEVICE004,1710717840000,23.142194,89.574397,18.3,True,19.5,1
DEVICE004,1710718200000,23.144166,89.576871,23.9,True,125.8,2
DEVICE004,1710719040000,23.152822,89.577545,2.2,True,6.2,6
DEVICE005,1710633900000,23.133118,89.542307,3.9,True,275.8,1
DEVICE005,1710634680000,23.133186,89.542397,1.5,True,89.0,3
DEVICE005,1710635100000,23.133188,89.542404,4.3,True,327.8,3
DEVICE005,1710635160000,23.13314,89.54199,1.1,True,13.0,1
DEVICE005,1710636060000,23.133195,89.542346,0.2,True,354.7,6
DEVICE005,1710636480000,23.133245,89.542287,4.7,True,174.6,2
DEVICE005,1710637260000,23.133231,89.542107,0.1,True,54.7,6
DEVICE005,1710637620000,23.133092,89.542296,4.1,True,294.6,3
DEVICE005,1710639000000,23.133101,89.542257,1.9,True,146.3,3
DEVICE005,1710639000000,23.13313,89.542113,1.4,True,137.7,4
DEVICE005,1710639120000,23.133129,89.542331,3.7,True,35.9,6
DEVICE005,1710639960000,23.133077,89.542316,2.0,True,39.0,2
DEVICE005,1710640200000,23.133262,89.542054,2.0,True,282.5,4
DEVICE005,1710640500000,23.133308,89.542298,0.4,True,274.5,4
DEVICE005,1710640860000,23.133176,89.542322,2.0,True,202.7,3
DEVICE005,1710642060000,23.133136,89.542196,0.7,True,201.9,2
DEVICE005,1710642360000,23.133135,89.542275,1.6,True,115.7,6
DEVICE005,1710642780000,23.133098,89.542197,3.6,True,276.3,3
DEVICE005,1710642840000,23.133236,89.542208,2.5,True,166.1,4
DEVICE005,1710643080000,23.133318,89.542232,2.0,True,271.8,4
DEVICE005,1710644100000,23.13313,89.542203,4.7,True,145.2,4
DEVICE005,1710645840000,23.133286,89.542237,0.6,True,43.7,2
DEVICE005,1710646020000,23.133126,89.542024,5.0,True,97.6,3
DEVICE005,1710646080000,23.133322,89.542363,4.3,True,178.3,6
DEVICE005,1710646260000,23.133238,89.542152,0.7,True,3.3,1
DEVICE005,1710646500000,23.133206,89.542224,4.3,True,37.8,1
DEVICE005,1710646740000,23.133109,89.542203,4.4,True,104.5,2
DEVICE005,1710647460000,23.133138,89.542108,3.1,True,90.4,4
DEVICE005,1710648240000,23.13332,89.542232,5.0,True,71.7,1
DEVICE005,1710649980000,23.133079,89.542241,3.6,True,64.5,4
DEVICE005,1710650040000,23.133281,89.542305,2.3,True,214.0,1
DEVICE005,1710651540000,23.133158,89.541893,1.7,True,334.0,2
DEVICE005,1710652080000,23.133019,89.542137,4.0,True,118.9,6
DEVICE005,1710652680000,23.133254,89.542129,4.1,True,110.1,6
DEVICE005,1710653820000,23.133155,89.542146,0.8,True,94.7,1
DEVICE005,1710654000000,23.133186,89.542365,2.8,True,334.0,3
DEVICE005,1710654540000,23.133161,89.542351,2.0,True,237.4,1
DEVICE005,1710655680000,23.126296,89.544961,30.4,True,117.8,6
DEVICE005,1710655740000,23.133055,89.542243,19.3,True,28.0,1
DEVICE005,1710655800000,23.133563,89.545696,15.1,True,334.6,6
DEVICE005,1710655800000,23.137118,89.535407,43.4,True,302.4,6
DEVICE005,1710656220000,23.132612,89.535332,44.0,True,327.3,2
DEVICE005,1710656520000,23.127073,89.541379,24.4,True,318.0,2
DEVICE005,1710658080000,23.128641,89.540431,18.5,True,138.8,4
DEVICE005,1710658800000,23.12796,89.551916,32.6,True,329.7,6
DEVICE005,1710659460000,23.129442,89.546412,15.8,True,241.2,4
DEVICE005,1710659460000,23.136465,89.542132,43.0,True,130.0,2
DEVICE005,1710659580000,23.141188,89.534333,33.5,True,68.8,3
DEVICE005,1710660660000,23.133156,89.544757,35.9,True,323.9,3
DEVICE005,1710662280000,23.132124,89.549369,15.4,True,231.0,4
DEVICE005,1710664200000,23.129396,89.537203,37.5,True,37.4,3
DEVICE005,1710665040000,23.132905,89.543923,36.1,True,206.0,1
DEVICE005,1710665700000,23.126441,89.543473,36.5,True,163.6,2
DEVICE005,1710666300000,23.134703,89.539987,25.2,True,229.5,1
DEVICE005,1710667200000,23.111133,89.535963,5.8,True,69.9,6
DEVICE005,1710668340000,23.140628,89.552944,53.7,True,313.5,2
DEVICE005,1710669660000,23.125089,89.527091,20.0,True,323.2,2
DEVICE005,1710670140000,23.140647,89.546586,43.7,True,99.2,2
DEVICE005,1710670260000,23.132036,89.541074,19.1,True,61.0,1
DEVICE005,1710670740000,23.128841,89.548123,16.4,True,204.5,1
DEVICE005,1710671160000,23.131747,89.53966,50.3,True,297.0,6
DEVICE005,1710671760000,23.148382,89.551639,55.8,True,65.7,1
DEVICE005,1710672240000,23.139335,89.553963,30.3,True,301.6,1
DEVICE005,1710673020000,23.131834,89.534702,59.2,True,5.1,4
DEVICE005,1710673860000,23.132659,89.550821,58.8,True,33.3,3
DEVICE005,1710674220000,23.130873,89.547473,8.4,True,67.8,2
DEVICE005,1710675600000,23.144368,89.548503,22.5,True,88.8,2
DEVICE005,1710676020000,23.134945,89.544188,45.3,True,254.1,2
DEVICE005,1710677460000,23.134476,89.544374,13.7,True,270.7,4
DEVICE005,1710677580000,23.136066,89.544087,5.1,True,93.0,4
DEVICE005,1710677760000,23.130356,89.541925,0.5,False,171.1,4
DEVICE005,1710678180000,23.134625,89.53955,5.2,True,61.4,6
DEVICE005,1710678240000,23.135297,89.542143,2.3,False,232.6,3
DEVICE005,1710679020000,23.13082,89.538617,4.8,True,116.1,1
DEVICE005,1710679200000,23.134397,89.544135,5.4,False,121.2,1
DEVICE005,1710680700000,23.130207,89.543472,2.8,False,55.5,6
DEVICE005,1710680760000,23.135105,89.541649,6.3,True,10.3,6
DEVICE005,1710681000000,23.135637,89.541449,13.8,False,50.2,3
DEVICE005,1710681900000,23.132438,89.541103,2.5,False,61.9,3
DEVICE005,1710682140000,23.132894,89.539977,8.9,True,87.7,3
DEVICE005,1710682680000,23.131517,89.54728,5.1,True,315.9,6
DEVICE005,1710683400000,23.131925,89.5454,14.4,False,288.5,4
DEVICE005,1710684000000,23.12684,89.551569,38.6,True,247.2,2
DEVICE005,1710685440000,23.133603,89.53689,17.7,True,278.4,3
DEVICE005,1710685860000,23.135459,89.541792,50.2,True,318.8,2
DEVICE005,1710687120000,23.142558,89.532556,50.5,True,192.3,3
DEVICE005,1710687480000,23.12521,89.550053,38.3,True,87.4,1
DEVICE005,1710688980000,23.1326,89.542221,31.7,True,215.7,4
DEVICE005,1710689040000,23.125444,89.543169,50.5,True,343.8,2
DEVICE005,1710689220000,23.128465,89.546419,15.6,True,54.3,3
DEVICE005,1710691080000,23.134635,89.553907,14.6,True,15.9,3
DEVICE005,1710692700000,23.138811,89.532573,50.9,True,29.8,1
DEVICE005,1710692820000,23.130638,89.549539,56.3,True,228.3,6
DEVICE005,1710693120000,23.12209,89.545467,33.0,True,345.6,4
DEVICE005,1710693660000,23.133683,89.540746,61.7,True,114.8,6
DEVICE005,1710695220000,23.140502,89.541334,28.6,True,138.0,1
DEVICE005,1710695220000,23.131301,89.542702,31.0,True,215.8,3
DEVICE005,1710695340000,23.14208,89.539218,5.2,True,92.8,6
DEVICE005,1710695760000,23.128516,89.533104,17.8,True,8.5,3
DEVICE005,1710696720000,23.127819,89.543123,16.2,True,192.6,3
DEVICE005,1710697920000,23.137617,89.537615,23.4,True,167.3,1
DEVICE005,1710698820000,23.142736,89.544468,15.7,True,89.5,1
DEVICE005,1710699480000,23.138449,89.54281,15.7,True,229.0,6
DEVICE005,1710699720000,23.131486,89.538063,34.2,True,297.2,6
DEVICE005,1710700440000,23.13193,89.533822,7.8,True,155.2,3
DEVICE005,1710703020000,23.138968,89.543942,20.0,True,65.3,3
DEVICE005,1710703440000,23.132326,89.536844,20.4,True,229.2,3
DEVICE005,1710703620000,23.137175,89.551326,17.0,True,259.8,1
DEVICE005,1710703740000,23.132389,89.543712,6.2,True,219.4,1
DEVICE005,1710704160000,23.133598,89.53581,19.2,True,268.9,2
DEVICE005,1710704340000,23.135897,89.538669,20.4,True,287.6,3
DEVICE005,1710705180000,23.14357,89.539911,32.4,True,205.5,3
DEVICE005,1710705600000,23.136247,89.54259,10.2,True,46.7,3
DEVICE005,1710705600000,23.130801,89.54728,8.6,True,54.6,4
DEVICE005,1710707340000,23.13576,89.54183,15.0,True,79.7,1
DEVICE005,1710707820000,23.130069,89.540116,10.5,True,171.2,6
DEVICE005,1710708300000,23.135441,89.54319,8.1,True,256.3,4
DEVICE005,1710709500000,23.130606,89.541188,15.8,True,74.7,6
DEVICE005,1710710580000,23.133183,89.538938,7.6,True,168.3,2
DEVICE005,1710711240000,23.132092,89.540185,17.4,True,11.6,6
DEVICE005,1710711540000,23.130416,89.539502,14.6,True,149.5,1
DEVICE005,1710714900000,23.136069,89.542038,18.6,True,193.5,4
DEVICE005,1710714900000,23.13319,89.539104,10.2,True,215.7,3
DEVICE005,1710714960000,23.136548,89.538384,7.2,True,354.4,4
DEVICE005,1710715080000,23.135314,89.544335,23.7,True,76.1,1
DEVICE005,1710715740000,23.138077,89.546068,9.1,True,345.7,3
DEVICE005,1710717840000,23.130447,89.543763,14.5,True,68.0,1
DEVICE005,1710718440000,23.13364,89.545241,13.3,True,272.5,3
DEVICE005,1710718440000,23.133521,89.537857,20.7,True,246.0,1
DEVICE005,1710718740000,23.130426,89.539969,5.6,True,29.0,6
DEVICE005,1710718980000,23.137192,89.542805,2.3,True,284.4,4
DEVICE005,1710719160000,23.137238,89.542815,10.2,True,59.9,4
DEVICE005,1710719520000,23.13653,89.547312,23.1,True,144.0,1
DEVICE006,1710633600000,23.126598,89.589591,3.3,True,271.5,1
DEVICE006,1710633780000,23.126433,89.589741,0.3,True,223.1,4
DEVICE006,1710633900000,23.126611,89.589542,3.4,True,351.8,1
DEVICE006,1710634440000,23.126613,89.589631,2.9,True,167.4,4
DEVICE006,1710634800000,23.126605,89.589559,2.9,True,245.2,1
DEVICE006,1710634980000,23.126531,89.58952,2.5,True,359.7,2
DEVICE006,1710635760000,23.126582,89.589514,1.3,True,267.2,4
DEVICE006,1710637980000,23.126479,89.589642,0.5,True,121.4,1
DEVICE006,1710638820000,23.126491,89.589554,4.0,True,213.5,2
DEVICE006,1710638880000,23.126516,89.589508,0.8,True,341.9,2
DEVICE006,1710640200000,23.126665,89.589597,1.6,True,143.8,1
DEVICE006,1710640740000,23.126619,89.589572,4.0,True,312.7,4
DEVICE006,1710642300000,23.126618,89.589434,0.8,True,100.0,2
DEVICE006,1710642420000,23.126424,89.589535,3.1,True,122.8,3
DEVICE006,1710642660000,23.126417,89.589607,3.0,True,306.6,4
DEVICE006,1710642660000,23.126502,89.589661,0.1,True,227.0,6
DEVICE006,1710643080000,23.126546,89.589845,1.4,True,289.3,4
DEVICE006,1710643320000,23.12656,89.589597,0.3,True,116.4,4
DEVICE006,1710644640000,23.126554,89.589432,2.2,True,99.4,2
DEVICE006,1710645960000,23.126667,89.589554,1.2,True,327.7,3
DEVICE006,1710646560000,23.126642,89.589621,2.3,True,34.4,2
DEVICE006,1710646740000,23.126414,89.589586,1.6,True,324.2,3
DEVICE006,1710646800000,23.126697,89.589576,4.6,True,199.8,6
DEVICE006,1710647400000,23.126541,89.589655,1.7,True,115.9,6
DEVICE006,1710647700000,23.12642,89.589561,0.6,True,6.4,3
DEVICE006,1710647880000,23.126462,89.589566,1.1,True,295.1,4
DEVICE006,1710649080000,23.126413,89.589715,1.2,True,307.0,3
DEVICE006,1710649200000,23.126342,89.589564,3.0,True,232.5,6
DEVICE006,1710650280000,23.126506,89.589444,0.6,True,70.2,6
DEVICE006,1710651120000,23.126362,89.58954,3.1,True,344.4,4
DEVICE006,1710651240000,23.126453,89.589618,3.9,True,1.1,3
DEVICE006,1710652020000,23.126471,89.589707,0.3,True,51.0,4
DEVICE006,1710652200000,23.126526,89.589559,3.0,True,98.5,3
DEVICE006,1710652320000,23.126466,89.589624,3.5,True,46.3,1
DEVICE006,1710652380000,23.126667,89.589629,0.7,True,274.5,1
DEVICE006,1710652980000,23.126571,89.589576,2.3,True,225.3,6
DEVICE006,1710655260000,23.123482,89.585617,33.9,True,117.6,1
DEVICE006,1710655560000,23.129927,89.588262,30.7,True,271.7,3
DEVICE006,1710656460000,23.12547,89.591186,17.4,True,144.2,1
DEVICE006,1710657180000,23.128426,89.582144,27.5,True,197.3,1
DEVICE006,1710657660000,23.120584,89.587009,23.5,True,318.0,1
DEVICE006,1710657960000,23.127751,89.590945,36.5,True,24.4,2
DEVICE006,1710658320000,23.13111,89.59674,21.2,True,312.7,2
DEVICE006,1710658980000,23.124988,89.589024,34.3,True,303.4,2
DEVICE006,1710660600000,23.127228,89.593176,16.3,True,54.9,2
DEVICE006,1710660720000,23.12113,89.594212,24.6,True,142.5,6
DEVICE006,1710661680000,23.134357,89.590772,23.7,True,149.4,1
DEVICE006,1710663120000,23.128214,89.595997,32.7,True,2.6,1
DEVICE006,1710664440000,23.12167,89.584587,15.2,True,95.6,3
DEVICE006,1710664620000,23.117141,89.589066,41.4,True,143.0,2
DEVICE006,1710666180000,23.128651,89.606287,38.9,True,303.7,2
DEVICE006,1710667440000,23.129801,89.600047,9.6,True,120.4,3
DEVICE006,1710667920000,23.127582,89.594548,1.4,False,120.2,4
DEVICE006,1710668460000,23.127202,89.584236,40.3,True,40.6,4
DEVICE006,1710669060000,23.131478,89.587391,6.4,True,273.5,3
DEVICE006,1710669180000,23.128907,89.600069,41.4,True,109.2,4
DEVICE006,1710669420000,23.131328,89.594071,15.6,True,10.4,6
DEVICE006,1710669840000,23.13823,89.579209,37.0,True,222.9,1
DEVICE006,1710669840000,23.122697,89.584079,16.8,True,12.6,1
DEVICE006,1710669960000,23.113561,89.572727,3.2,False,267.1,3
DEVICE006,1710670020000,23.126087,89.577507,55.2,True,10.9,4
DEVICE006,1710670620000,23.12394,89.597009,55.8,True,204.5,2
DEVICE006,1710670740000,23.108637,89.594569,8.5,True,354.0,2
DEVICE006,1710671040000,23.118836,89.591689,43.2,True,271.4,4
DEVICE006,1710671400000,23.121341,89.61256,33.6,True,308.6,2
DEVICE006,1710673200000,23.125134,89.580899,6.8,True,319.1,6
DEVICE006,1710673860000,23.124396,89.588493,58.4,True,22.7,3
DEVICE006,1710673980000,23.135743,89.591359,3.9,True,299.0,4
DEVICE006,1710674220000,23.123855,89.580859,16.2,True,263.3,2
DEVICE006,1710677700000,23.127124,89.589591,10.3,False,202.8,4
DEVICE006,1710677880000,23.126666,89.589185,10.8,False,97.9,2
DEVICE006,1710678060000,23.124152,89.590364,13.9,True,244.9,1
DEVICE006,1710678180000,23.124346,89.59022,1.3,True,59.0,3
DEVICE006,1710678300000,23.126646,89.588483,5.6,True,242.2,4
DEVICE006,1710678900000,23.12735,89.586544,14.3,True,267.3,3
DEVICE006,1710679380000,23.127349,89.589402,8.1,True,91.2,2
DEVICE006,1710679560000,23.125296,89.592185,8.3,False,146.5,6
DEVICE006,1710680400000,23.126327,89.586577,3.8,False,283.6,4
DEVICE006,1710680700000,23.129025,89.589457,12.4,False,187.0,6
DEVICE006,1710680820000,23.124611,89.589005,4.9,True,236.5,4
DEVICE006,1710682320000,23.124495,89.588156,13.8,False,299.5,2
DEVICE006,1710683640000,23.130033,89.589101,12.0,False,296.9,4
DEVICE006,1710684540000,23.131634,89.585654,60.1,True,0.2,6
DEVICE006,1710686160000,23.112546,89.598725,31.1,True,38.3,4
DEVICE006,1710686880000,23.132213,89.57848,34.4,True,34.8,2
DEVICE006,1710687060000,23.128909,89.592656,16.5,True,342.0,2
DEVICE006,1710687600000,23.12345,89.599023,51.9,True,75.0,4
DEVICE006,1710687660000,23.131166,89.594026,11.9,True,279.4,1
DEVICE006,1710687840000,23.136501,89.586435,25.2,True,128.7,4
DEVICE006,1710692340000,23.123404,89.579105,43.2,True,220.9,1
DEVICE006,1710692940000,23.119424,89.601211,32.8,True,168.9,3
DEVICE006,1710693000000,23.132807,89.593708,25.1,True,299.0,1
DEVICE006,1710693060000,23.14176,89.592616,29.2,True,310.0,4
DEVICE006,1710693420000,23.117666,89.579532,65.2,True,244.5,1
DEVICE006,1710693780000,23.129291,89.590086,39.4,True,175.5,1
DEVICE006,1710694080000,23.138993,89.598429,42.3,True,223.3,3
DEVICE006,1710695040000,23.117497,89.591733,20.1,True,139.7,6
DEVICE006,1710697260000,23.126463,89.592608,26.7,True,186.0,2
DEVICE006,1710697380000,23.133324,89.581666,8.9,True,336.8,4
DEVICE006,1710698760000,23.137773,89.601891,9.9,True,217.9,1
DEVICE006,1710699480000,23.134405,89.59162,30.6,True,153.6,2
DEVICE006,1710700080000,23.128273,89.58349,19.9,True,255.0,3
DEVICE006,1710701340000,23.125147,89.593645,16.3,True,311.6,6
DEVICE006,1710701580000,23.122011,89.590115,7.3,True,139.4,2
DEVICE006,1710701640000,23.124066,89.578979,19.8,True,341.3,1
DEVICE006,1710702000000,23.125587,89.589546,16.2,True,188.8,3
DEVICE006,1710702240000,23.125351,89.604181,7.0,True,128.8,4
DEVICE006,1710702300000,23.123191,89.584,22.1,True,358.7,3
DEVICE006,1710702420000,23.126901,89.592974,21.8,True,48.0,4
DEVICE006,1710703920000,23.136723,89.582825,32.6,True,43.6,2
DEVICE006,1710704040000,23.121738,89.590406,8.2,True,200.6,4
DEVICE006,1710704100000,23.136203,89.593927,12.9,True,66.8,4
DEVICE006,1710704220000,23.122918,89.599957,20.9,True,115.0,2
DEVICE006,1710707040000,23.122381,89.585357,13.8,True,25.5,2
DEVICE006,1710707160000,23.129065,89.590309,1.5,True,142.1,2
DEVICE006,1710707760000,23.128043,89.587204,4.1,True,81.1,3
DEVICE006,1710708120000,23.124224,89.591944,18.2,True,301.1,2
DEVICE006,1710708660000,23.124764,89.586671,5.3,True,77.1,2
DEVICE006,1710708840000,23.127248,89.588744,12.7,True,184.8,1
DEVICE006,1710710400000,23.128601,89.58694,23.0,True,175.6,6
DEVICE006,1710710940000,23.129256,89.589377,16.3,True,301.1,6
DEVICE006,1710711000000,23.123588,89.581994,8.4,True,191.8,6
DEVICE006,1710711180000,23.126985,89.586445,7.2,True,11.1,1
DEVICE006,1710711300000,23.126646,89.588759,2.1,False,99.9,3
DEVICE006,1710711600000,23.132123,89.587148,1.6,True,214.0,2
DEVICE006,1710711840000,23.124846,89.585912,14.0,True,282.9,2
DEVICE006,1710712680000,23.123464,89.585608,3.2,True,56.6,6
DEVICE006,1710713520000,23.123453,89.589264,20.6,True,95.0,4
DEVICE006,1710713520000,23.124104,89.592476,17.2,True,115.6,4
DEVICE006,1710715020000,23.130083,89.592834,13.0,True,104.9,2
DEVICE006,1710715320000,23.127248,89.583338,16.5,True,50.1,3
DEVICE006,1710716340000,23.129759,89.587472,22.6,True,125.5,3
DEVICE006,1710716400000,23.129493,89.588158,1.7,True,356.7,6
DEVICE006,1710717660000,23.126399,89.597424,3.7,False,292.7,4
DEVICE006,1710717780000,23.124151,89.58984,6.1,True,204.5,6
DEVICE006,1710718680000,23.127447,89.587937,19.7,True,233.1,4
DEVICE007,1710633720000,23.142693,89.568443,4.7,True,318.6,3
DEVICE007,1710634080000,23.142618,89.568501,3.8,True,260.3,2
DEVICE007,1710634080000,23.142531,89.568558,2.6,True,298.6,1
DEVICE007,1710635160000,23.142669,89.568494,0.4,True,268.6,3
DEVICE007,1710635580000,23.142709,89.568502,3.5,True,280.9,1
DEVICE007,1710635880000,23.142714,89.568526,3.0,True,99.0,3
DEVICE007,1710636540000,23.142688,89.568701,4.0,True,154.3,1
DEVICE007,1710638280000,23.142742,89.568486,3.7,True,322.7,1
DEVICE007,1710638700000,23.142842,89.568574,4.4,True,9.8,2
DEVICE007,1710639300000,23.142566,89.568417,0.9,True,305.1,4
DEVICE007,1710639780000,23.142599,89.568617,2.3,True,36.0,2
DEVICE007,1710640080000,23.142783,89.568387,2.8,True,354.2,3
DEVICE007,1710640140000,23.142744,89.568411,1.1,True,294.3,6
DEVICE007,1710641760000,23.142754,89.568612,2.9,True,254.2,6
DEVICE007,1710642480000,23.142629,89.568529,3.9,True,310.6,6
DEVICE007,1710643080000,23.142354,89.568452,4.1,True,209.1,1
DEVICE007,1710643140000,23.14281,89.568516,3.6,True,162.6,1
DEVICE007,1710643200000,23.142541,89.568339,2.1,True,313.0,3
DEVICE007,1710643620000,23.14269,89.56849,4.5,True,84.1,3
DEVICE007,1710643860000,23.142461,89.568362,1.4,True,257.3,4
DEVICE007,1710644700000,23.142635,89.568586,4.4,True,131.8,4
DEVICE007,1710645060000,23.142818,89.568587,4.5,True,290.5,2
DEVICE007,1710645480000,23.142687,89.568363,3.9,True,203.0,1
DEVICE007,1710645960000,23.142796,89.568485,3.1,True,55.8,1
DEVICE007,1710646800000,23.142671,89.568557,4.8,True,37.1,1
DEVICE007,1710646860000,23.142539,89.568372,3.0,True,244.2,4
DEVICE007,1710647340000,23.142619,89.568596,2.5,True,350.9,2
DEVICE007,1710648480000,23.142652,89.56846,3.3,True,294.8,3
DEVICE007,1710649140000,23.142741,89.568465,2.8,True,218.4,3
DEVICE007,1710650520000,23.142791,89.568388,3.3,True,323.5,6
DEVICE007,1710650880000,23.142781,89.568377,2.1,True,62.6,2
DEVICE007,1710651120000,23.142612,89.568552,0.0,True,238.9,2
DEVICE007,1710651420000,23.142599,89.568409,3.5,True,197.7,2
DEVICE007,1710651600000,23.142686,89.568425,2.8,True,299.0,2
DEVICE007,1710652560000,23.142687,89.568368,4.2,True,53.6,6
DEVICE007,1710653820000,23.142615,89.568452,3.8,True,237.9,1
DEVICE007,1710654540000,23.142541,89.568444,1.0,True,353.0,1
DEVICE007,1710654600000,23.142587,89.568426,2.8,True,226.9,2
DEVICE007,1710654600000,23.142716,89.568403,3.9,True,323.6,1
DEVICE007,1710655380000,23.141468,89.569666,43.4,True,233.4,1
DEVICE007,1710656700000,23.128868,89.57999,42.2,True,42.0,4
DEVICE007,1710657000000,23.150092,89.568513,37.6,True,185.0,6
DEVICE007,1710657120000,23.145529,89.570068,21.1,True,220.3,1
DEVICE007,1710661200000,23.14543,89.565037,33.2,True,163.1,2
DEVICE007,1710661200000,23.142227,89.564966,19.3,True,100.7,1
DEVICE007,1710662100000,23.144873,89.574697,33.9,True,159.6,4
DEVICE007,1710662160000,23.134487,89.574163,19.2,True,241.7,6
DEVICE007,1710662220000,23.138865,89.5699,29.9,True,58.4,4
DEVICE007,1710662640000,23.142242,89.57348,38.1,True,188.6,6
DEVICE007,1710663360000,23.143804,89.571635,17.0,True,83.6,2
DEVICE007,1710663720000,23.145161,89.560575,15.6,True,177.2,4
DEVICE007,1710665940000,23.1455,89.569342,26.5,True,251.7,6
DEVICE007,1710666900000,23.149608,89.56757,49.5,True,168.4,6
DEVICE007,1710667320000,23.146163,89.574941,42.9,True,346.0,1
DEVICE007,1710667740000,23.143698,89.569025,32.7,True,305.8,2
DEVICE007,1710668160000,23.13897,89.572121,58.6,True,161.1,6
DEVICE007,1710668580000,23.142475,89.56832,6.1,True,40.5,4
DEVICE007,1710669780000,23.135095,89.574298,8.5,True,350.3,1
DEVICE007,1710670740000,23.1621,89.574671,15.9,True,311.2,3
DEVICE007,1710671220000,23.148544,89.56828,16.5,True,73.8,3
DEVICE007,1710672420000,23.140241,89.564224,47.5,True,67.2,1
DEVICE007,1710672780000,23.138905,89.569175,6.1,True,51.0,4
DEVICE007,1710673560000,23.141382,89.586901,37.7,True,151.2,6
DEVICE007,1710674040000,23.146553,89.564149,45.5,True,296.1,2
DEVICE007,1710675240000,23.149401,89.556176,20.4,True,247.2,4
DEVICE007,1710675600000,23.12786,89.569252,5.5,True,193.0,2
DEVICE007,1710679440000,23.142849,89.570497,0.9,True,280.8,2
DEVICE007,1710679620000,23.13892,89.571092,0.3,True,42.8,4
DEVICE007,1710680040000,23.141144,89.569456,7.7,True,206.1,4
DEVICE007,1710680400000,23.145482,89.567293,11.7,True,145.8,2
DEVICE007,1710681240000,23.142279,89.567713,9.4,True,141.6,3
DEVICE007,1710681780000,23.141857,89.568255,11.5,True,302.6,2
DEVICE007,1710684240000,23.143448,89.562329,41.4,True,353.4,2
DEVICE007,1710685080000,23.159384,89.550232,57.0,True,45.7,1
DEVICE007,1710685200000,23.159122,89.565212,44.1,True,343.8,6
DEVICE007,1710685620000,23.130164,89.559593,68.5,True,182.7,3
DEVICE007,1710686100000,23.137757,89.561943,47.8,True,162.7,6
DEVICE007,1710686220000,23.139629,89.561805,42.1,True,224.4,6
DEVICE007,1710686460000,23.149384,89.562357,17.8,True,264.8,6
DEVICE007,1710687240000,23.155994,89.57135,29.9,True,262.7,6
DEVICE007,1710688320000,23.149001,89.567346,42.4,True,336.2,4
DEVICE007,1710688620000,23.154844,89.574961,32.8,True,259.0,4
DEVICE007,1710688800000,23.15332,89.598737,41.0,True,13.7,6
DEVICE007,1710688920000,23.143827,89.580945,65.4,True,161.1,4
DEVICE007,1710689340000,23.142689,89.565767,67.7,True,235.7,1
DEVICE007,1710689460000,23.130187,89.569058,46.6,True,308.5,6
DEVICE007,1710691080000,23.123346,89.568804,36.2,True,301.3,2
DEVICE007,1710691320000,23.148402,89.574187,11.8,True,195.0,3
DEVICE007,1710692580000,23.142371,89.570913,13.1,True,322.1,3
DEVICE007,1710693780000,23.137509,89.572286,41.5,True,225.1,2
DEVICE007,1710694080000,23.132479,89.577924,69.7,True,246.8,6
DEVICE007,1710694440000,23.142493,89.591797,32.5,True,141.5,6
DEVICE007,1710695460000,23.13318,89.583868,21.0,True,174.0,3
DEVICE007,1710695520000,23.146482,89.561152,9.2,True,66.8,2
DEVICE007,1710696240000,23.137241,89.565682,10.0,True,212.1,2
DEVICE007,1710697200000,23.138678,89.559474,33.5,True,304.8,4
DEVICE007,1710697980000,23.145304,89.565528,31.0,True,345.8,6
DEVICE007,1710698340000,23.138814,89.571091,8.1,True,246.4,3
DEVICE007,1710698760000,23.13823,89.572083,21.8,True,342.6,4
DEVICE007,1710699120000,23.133872,89.559869,14.2,True,321.8,6
DEVICE007,1710699600000,23.143381,89.56358,27.7,True,94.2,1
DEVICE007,1710700380000,23.141586,89.5659,23.2,True,309.8,6
DEVICE007,1710700380000,23.133839,89.576127,12.9,True,116.8,6
DEVICE007,1710703980000,23.140461,89.572276,30.0,True,285.6,1
DEVICE007,1710705180000,23.140637,89.570053,15.9,True,105.7,1
DEVICE007,1710705540000,23.149622,89.564289,30.0,True,59.3,2
DEVICE007,1710705720000,23.143969,89.571113,19.4,True,190.5,1
DEVICE007,1710707280000,23.149963,89.570625,21.3,True,95.7,2
DEVICE007,1710708240000,23.143461,89.566149,21.6,True,277.1,1
DEVICE007,1710708720000,23.146458,89.571491,8.2,True,131.8,2
DEVICE007,1710708720000,23.141648,89.56118,10.5,True,35.1,4
DEVICE007,1710709200000,23.146639,89.572682,6.8,True,189.6,3
DEVICE007,1710710280000,23.141278,89.572368,4.4,False,42.7,1
DEVICE007,1710710700000,23.146187,89.56695,4.1,False,328.6,4
DEVICE007,1710710760000,23.145277,89.565473,1.5,True,149.6,4
DEVICE007,1710711120000,23.142412,89.564012,8.4,True,194.9,3
DEVICE007,1710711240000,23.142123,89.5702,11.1,True,177.4,3
DEVICE007,1710711420000,23.138882,89.566926,13.1,True,300.6,4
DEVICE007,1710711960000,23.147891,89.567284,14.7,True,114.2,6
DEVICE007,1710712920000,23.141162,89.570023,3.9,True,233.0,2
DEVICE007,1710712920000,23.140557,89.566118,13.0,True,265.7,1
DEVICE007,1710713040000,23.146845,89.572977,24.0,True,317.9,1
DEVICE007,1710713880000,23.144841,89.565522,7.6,True,137.9,6
DEVICE007,1710714420000,23.149548,89.569574,24.6,True,2.3,1
DEVICE007,1710714420000,23.140565,89.566009,11.2,True,341.8,4
DEVICE007,1710715140000,23.139145,89.568675,24.9,True,306.1,2
DEVICE007,1710715860000,23.141827,89.570337,8.1,True,116.6,4
DEVICE007,1710716880000,23.146248,89.572974,5.0,True,2.6,3
DEVICE007,1710717480000,23.146212,89.567527,5.2,True,289.9,2
DEVICE007,1710719100000,23.144655,89.563984,13.6,True,68.6,1
DEVICE007,1710719220000,23.147592,89.561318,0.2,True,253.3,3
DEVICE008,1710633600000,23.130746,89.541296,3.4,True,278.2,6
DEVICE008,1710633840000,23.130675,89.541508,2.7,True,183.1,6
DEVICE008,1710635040000,23.130875,89.541348,2.8,True,357.3,3
DEVICE008,1710635220000,23.130757,89.54143,1.1,True,29.4,6
DEVICE008,1710635400000,23.130871,89.541263,4.5,True,346.1,3
DEVICE008,1710636900000,23.130943,89.541407,0.3,True,60.5,4
DEVICE008,1710636960000,23.130844,89.541186,1.6,True,169.4,1
DEVICE008,1710637080000,23.130667,89.541299,1.2,True,217.4,2
DEVICE008,1710637200000,23.130713,89.541295,0.3,True,193.2,2
DEVICE008,1710637440000,23.130935,89.541312,2.1,True,216.9,2
DEVICE008,1710637680000,23.130887,89.541402,3.3,True,99.9,4
DEVICE008,1710638220000,23.130817,89.541113,3.3,True,309.7,1
DEVICE008,1710640800000,23.130829,89.541177,3.4,True,45.9,2
DEVICE008,1710640980000,23.130831,89.541284,1.4,True,306.9,2
DEVICE008,1710641100000,23.130921,89.541272,2.1,True,142.5,1
DEVICE008,1710641280000,23.130785,89.541206,3.8,True,356.6,1
DEVICE008,1710641700000,23.130918,89.54154,1.9,True,273.3,6
DEVICE008,1710642540000,23.130738,89.541418,2.3,True,220.0,2
DEVICE008,1710643380000,23.130992,89.541395,4.9,True,214.2,4
DEVICE008,1710643500000,23.130698,89.541518,2.2,True,250.4,1
DEVICE008,1710645180000,23.130861,89.541263,0.6,True,303.2,6
DEVICE008,1710645780000,23.131041,89.541165,2.0,True,150.4,4
DEVICE008,1710646980000,23.130779,89.541188,4.4,True,169.1,4
DEVICE008,1710647460000,23.130941,89.5413,4.3,True,5.0,1
DEVICE008,1710647520000,23.130771,89.541271,1.4,True,54.3,1
DEVICE008,1710647700000,23.130882,89.541294,3.0,True,269.7,6
DEVICE008,1710648300000,23.130876,89.54125,2.9,True,21.8,6
DEVICE008,1710648720000,23.13087,89.541386,0.6,True,317.5,1
DEVICE008,1710649080000,23.130862,89.541256,3.9,True,13.0,4
DEVICE008,1710649500000,23.13079,89.541214,4.9,True,67.9,2
DEVICE008,1710650160000,23.130988,89.541347,2.1,True,135.7,4
DEVICE008,1710650880000,23.130915,89.541357,4.4,True,141.8,2
DEVICE008,1710652680000,23.130838,89.541515,4.8,True,239.6,3
DEVICE008,1710654060000,23.13078,89.541474,2.8,True,36.5,6
DEVICE008,1710654840000,23.130865,89.541321,2.6,True,264.6,6
DEVICE008,1710655260000,23.129907,89.536627,26.2,True,168.1,4
DEVICE008,1710655440000,23.135759,89.532963,17.4,True,190.4,4
DEVICE008,1710656040000,23.128885,89.544477,21.0,True,48.2,3
DEVICE008,1710656100000,23.130617,89.544693,21.7,True,293.5,2
DEVICE008,1710656940000,23.132693,89.545737,44.2,True,20.7,6
DEVICE008,1710657540000,23.127176,89.537772,17.9,True,230.2,3
DEVICE008,1710658680000,23.136684,89.544775,39.6,True,245.8,3
DEVICE008,1710658680000,23.128178,89.536096,35.7,True,286.6,4
DEVICE008,1710658860000,23.136311,89.537785,31.1,True,333.1,6
DEVICE008,1710659520000,23.131148,89.546142,25.8,True,170.0,3
DEVICE008,1710660300000,23.129658,89.53276,26.6,True,137.6,1
DEVICE008,1710660420000,23.130459,89.543332,21.3,True,123.6,3
DEVICE008,1710661080000,23.13194,89.536649,19.3,True,137.3,3
DEVICE008,1710661500000,23.132006,89.537562,41.8,True,278.0,3
DEVICE008,1710662280000,23.121674,89.540875,43.2,True,66.7,4
DEVICE008,1710662880000,23.131966,89.534771,22.2,True,42.7,2
DEVICE008,1710663060000,23.131574,89.540953,18.4,True,313.2,3
DEVICE008,1710663840000,23.131484,89.539824,18.7,True,240.4,3
DEVICE008,1710664080000,23.132451,89.549764,32.0,True,81.4,1
DEVICE008,1710664860000,23.133827,89.549692,31.3,True,56.7,4
DEVICE008,1710665520000,23.132588,89.531063,18.5,True,76.9,1
DEVICE008,1710666300000,23.124284,89.538885,55.0,True,75.3,3
DEVICE008,1710668040000,23.129722,89.532046,38.7,True,191.1,3
DEVICE008,1710669480000,23.133805,89.539989,10.0,True,262.8,4
DEVICE008,1710669840000,23.126423,89.549951,1.5,True,354.3,1
DEVICE008,1710670320000,23.144299,89.552682,28.1,True,232.5,1
DEVICE008,1710671160000,23.141347,89.530878,47.8,True,80.1,4
DEVICE008,1710671340000,23.12369,89.537562,27.2,True,116.6,2
DEVICE008,1710672060000,23.143578,89.527727,57.9,True,243.6,6
DEVICE008,1710672840000,23.138092,89.535365,40.8,True,40.5,2
DEVICE008,1710673020000,23.138128,89.53525,10.6,True,165.8,3
DEVICE008,1710673140000,23.126324,89.527348,45.8,True,292.9,6
DEVICE008,1710673860000,23.120772,89.524887,19.2,True,43.2,1
DEVICE008,1710675480000,23.142874,89.53886,18.1,True,44.4,2
DEVICE008,1710676680000,23.133949,89.537405,9.1,True,46.1,3
DEVICE008,1710677520000,23.130158,89.542271,5.7,True,279.2,2
DEVICE008,1710678120000,23.132666,89.540948,1.9,True,321.6,2
DEVICE008,1710678780000,23.129646,89.541381,12.1,False,12.6,1
DEVICE008,1710679440000,23.132745,89.541356,9.2,False,170.5,2
DEVICE008,1710680280000,23.128332,89.540047,10.8,False,174.5,2
DEVICE008,1710680280000,23.132639,89.543835,3.5,False,293.3,2
DEVICE008,1710681240000,23.128712,89.542395,1.9,True,349.9,4
DEVICE008,1710681240000,23.129441,89.536384,13.4,False,177.5,4
DEVICE008,1710681840000,23.129681,89.541402,0.6,False,35.9,6
DEVICE008,1710681900000,23.128741,89.540638,1.4,False,184.1,4
DEVICE008,1710682680000,23.131174,89.537727,7.5,False,298.7,2
DEVICE008,1710684660000,23.128763,89.544067,54.1,True,65.9,6
DEVICE008,1710685260000,23.118898,89.5235,22.7,True,87.2,4
DEVICE008,1710685680000,23.13551,89.546372,55.2,True,349.2,2
DEVICE008,1710686400000,23.124871,89.536558,16.4,True,55.4,6
DEVICE008,1710686520000,23.116297,89.534927,61.5,True,239.4,2
DEVICE008,1710686640000,23.134579,89.545949,68.9,True,256.3,1
DEVICE008,1710686880000,23.141886,89.527911,25.7,True,172.3,3
DEVICE008,1710687300000,23.144041,89.547215,57.9,True,191.4,3
DEVICE008,1710688140000,23.127069,89.535391,10.8,True,138.7,4
DEVICE008,1710688440000,23.147195,89.536001,61.4,True,235.2,3
DEVICE008,1710688980000,23.114566,89.533844,29.1,True,337.2,1
DEVICE008,1710690120000,23.134025,89.526917,13.4,True,82.5,4
DEVICE008,1710690120000,23.145775,89.547607,31.9,True,284.7,1
DEVICE008,1710690180000,23.12782,89.559847,57.6,True,2.3,3
DEVICE008,1710691380000,23.136274,89.541357,38.6,True,91.3,4
DEVICE008,1710691500000,23.130129,89.537539,35.7,True,203.8,3
DEVICE008,1710691800000,23.148954,89.550017,50.0,True,178.6,2
DEVICE008,1710692460000,23.153986,89.543807,35.7,True,32.9,4
DEVICE008,1710693420000,23.121634,89.535418,69.1,True,178.8,2
DEVICE008,1710694920000,23.126707,89.540731,22.0,True,59.4,4
DEVICE008,1710696480000,23.130191,89.540058,24.6,True,345.3,6
DEVICE008,1710696780000,23.123409,89.542509,21.0,True,126.9,2
DEVICE008,1710697080000,23.131514,89.536023,7.8,True,67.8,6
DEVICE008,1710697200000,23.138362,89.535885,25.5,True,111.2,1
DEVICE008,1710697320000,23.125803,89.554685,7.7,True,205.8,4
DEVICE008,1710698220000,23.124767,89.545551,33.4,True,233.0,4
DEVICE008,1710698220000,23.137983,89.545258,19.5,True,277.4,2
DEVICE008,1710699000000,23.141299,89.546199,8.6,True,278.9,4
DEVICE008,1710699900000,23.12107,89.538516,14.2,True,178.7,3
DEVICE008,1710700200000,23.133982,89.542357,5.2,True,348.5,4
DEVICE008,1710700560000,23.125932,89.542931,18.4,True,338.8,4
DEVICE008,1710701160000,23.128366,89.538459,28.6,True,44.9,1
DEVICE008,1710701460000,23.138558,89.541009,16.3,True,164.2,3
DEVICE008,1710701520000,23.135733,89.537321,11.0,True,356.6,3
DEVICE008,1710701640000,23.135288,89.541987,14.9,True,113.3,2
DEVICE008,1710702480000,23.126991,89.54495,22.1,True,17.8,3
DEVICE008,1710702600000,23.127951,89.535712,18.9,True,84.5,1
DEVICE008,1710702660000,23.128143,89.542382,33.9,True,228.6,3
DEVICE008,1710702720000,23.12973,89.525075,6.1,True,203.4,6
DEVICE008,1710704220000,23.136585,89.541626,19.0,True,39.6,6
DEVICE008,1710705240000,23.129025,89.548426,14.4,True,306.0,6
DEVICE008,1710706620000,23.129986,89.545168,14.5,True,97.1,4
DEVICE008,1710706740000,23.132022,89.536157,17.7,True,109.9,1
DEVICE008,1710706860000,23.135897,89.536265,18.8,True,105.2,2
DEVICE008,1710707100000,23.129056,89.539979,14.2,True,218.7,3
DEVICE008,1710707940000,23.133586,89.53989,9.8,True,156.5,3
DEVICE008,1710709260000,23.128876,89.537414,13.1,True,202.1,2
DEVICE008,1710709560000,23.131146,89.541569,6.2,True,321.9,6
DEVICE008,1710710040000,23.129272,89.541334,1.2,True,260.3,2
DEVICE008,1710710880000,23.133411,89.543606,3.2,False,15.6,3
DEVICE008,1710711360000,23.125808,89.540274,16.7,True,188.1,3
DEVICE008,1710713160000,23.13255,89.547081,3.4,False,120.0,4
DEVICE008,1710713340000,23.131011,89.54233,18.1,True,9.9,3
DEVICE008,1710713700000,23.130282,89.544484,0.3,True,109.6,1
DEVICE008,1710714180000,23.131341,89.539823,8.4,True,280.0,1
DEVICE008,1710716220000,23.129422,89.543356,21.3,True,255.5,4
DEVICE008,1710716400000,23.125923,89.543645,13.9,True,332.2,6
DEVICE008,1710717180000,23.130647,89.544169,23.6,True,107.4,3
DEVICE008,1710718380000,23.128755,89.543032,17.7,True,121.5,4
DEVICE008,1710718500000,23.132732,89.539675,9.3,True,66.1,4
DEVICE008,1710719040000,23.129883,89.542156,8.2,True,80.2,6
DEVICE009,1710634140000,23.102735,89.578216,0.2,True,178.9,3
DEVICE009,1710634620000,23.102821,89.577866,4.4,True,254.3,6
DEVICE009,1710635280000,23.102882,89.577784,3.0,True,53.7,4
DEVICE009,1710637080000,23.102629,89.578035,0.5,True,234.9,6
DEVICE009,1710637500000,23.102997,89.578141,0.8,True,342.2,6
DEVICE009,1710637800000,23.102912,89.57837,4.8,True,6.3,3
DEVICE009,1710638940000,23.102976,89.577971,1.1,True,69.4,3
DEVICE009,1710639840000,23.102709,89.577999,1.7,True,337.8,2
DEVICE009,1710640860000,23.102843,89.578168,3.3,True,134.7,4
DEVICE009,1710641100000,23.102827,89.577882,0.1,True,63.3,2
DEVICE009,1710641940000,23.10305,89.578103,1.9,True,235.8,2
DEVICE009,1710642000000,23.103001,89.578062,1.7,True,321.2,1
DEVICE009,1710642360000,23.102965,89.57811,0.1,True,188.1,4
DEVICE009,1710642960000,23.102948,89.577997,3.7,True,126.3,2
DEVICE009,1710643620000,23.102855,89.577974,2.1,True,293.4,3
DEVICE009,1710644160000,23.102794,89.578058,0.2,True,19.9,4
DEVICE009,1710644400000,23.102944,89.577917,2.5,True,139.5,3
DEVICE009,1710644700000,23.102803,89.578078,2.5,True,338.5,1
DEVICE009,1710644760000,23.102848,89.578055,3.1,True,179.7,2
DEVICE009,1710645960000,23.102905,89.577977,4.9,True,297.1,1
DEVICE009,1710647160000,23.102898,89.577981,1.5,True,125.9,4
DEVICE009,1710647220000,23.102923,89.577913,3.4,True,66.0,4
DEVICE009,1710648180000,23.102837,89.578066,3.2,True,351.0,1
DEVICE009,1710648480000,23.102974,89.577907,1.2,True,110.7,3
DEVICE009,1710648540000,23.102881,89.577942,0.4,True,91.0,3
DEVICE009,1710650760000,23.102847,89.577948,2.1,True,54.8,1
DEVICE009,1710651000000,23.102885,89.578088,2.0,True,354.1,6
DEVICE009,1710651000000,23.102669,89.578076,3.1,True,238.5,6
DEVICE009,1710651060000,23.102739,89.578044,2.6,True,108.5,2
DEVICE009,1710651360000,23.10305,89.578042,2.2,True,159.1,3
DEVICE009,1710651600000,23.102777,89.578082,4.3,True,121.5,6
DEVICE009,1710652920000,23.102858,89.578027,1.3,True,143.9,3
DEVICE009,1710653460000,23.102815,89.578033,3.9,True,52.8,2
DEVICE009,1710654660000,23.102925,89.57789,1.4,True,36.4,6
DEVICE009,1710655500000,23.106729,89.587234,39.1,True,42.6,4
DEVICE009,1710655860000,23.104772,89.573628,17.7,True,70.6,3
DEVICE009,1710656220000,23.101906,89.578568,32.6,True,145.9,3
DEVICE009,1710657120000,23.099717,89.577992,41.2,True,23.3,6
DEVICE009,1710658500000,23.101548,89.579908,38.2,True,36.3,1
DEVICE009,1710658980000,23.110012,89.581009,21.1,True,37.8,4
DEVICE009,1710659940000,23.107859,89.576456,33.3,True,296.6,2
DEVICE009,1710660660000,23.101227,89.571067,19.3,True,181.9,1
DEVICE009,1710662520000,23.105652,89.5889,43.2,True,170.9,1
DEVICE009,1710663300000,23.099793,89.570334,18.2,True,212.3,4
DEVICE009,1710665280000,23.095359,89.582481,34.6,True,37.8,4
DEVICE009,1710665280000,23.102172,89.57424,44.7,True,209.5,3
DEVICE009,1710665520000,23.092878,89.570368,32.8,True,28.9,3
DEVICE009,1710665640000,23.096896,89.579312,44.3,True,312.2,1
DEVICE009,1710665760000,23.10364,89.566214,42.8,True,246.1,6
DEVICE009,1710666060000,23.10777,89.586534,28.4,True,312.2,4
DEVICE009,1710666120000,23.088906,89.585801,26.8,True,323.9,1
DEVICE009,1710666420000,23.098935,89.584159,4.6,True,59.6,1
DEVICE009,1710666960000,23.104398,89.568259,28.9,True,174.7,2
DEVICE009,1710667980000,23.089165,89.580507,44.7,True,215.5,1
DEVICE009,1710668640000,23.104499,89.569182,30.7,True,300.5,2
DEVICE009,1710668700000,23.109177,89.583408,13.6,True,153.6,6
DEVICE009,1710669420000,23.09174,89.570418,12.2,True,228.1,4
DEVICE009,1710670320000,23.113675,89.590311,47.9,True,347.0,2
DEVICE009,1710671340000,23.101476,89.578041,52.0,True,234.5,3
DEVICE009,1710672660000,23.115613,89.579245,17.2,True,197.7,3
DEVICE009,1710672720000,23.090705,89.570851,7.3,True,138.4,4
DEVICE009,1710673500000,23.101493,89.562823,19.3,True,322.1,2
DEVICE009,1710674520000,23.102141,89.589877,50.8,True,7.2,4
DEVICE009,1710674640000,23.107891,89.575587,4.4,True,131.0,6
DEVICE009,1710675540000,23.103611,89.58232,32.3,True,195.1,3
DEVICE009,1710675780000,23.113028,89.582546,41.0,True,42.6,6
DEVICE009,1710676140000,23.104146,89.571661,15.5,True,76.3,1
DEVICE009,1710676440000,23.11409,89.572888,59.0,True,338.3,2
DEVICE009,1710676860000,23.104633,89.576948,12.3,True,276.7,2
DEVICE009,1710677040000,23.102552,89.578948,3.3,False,153.0,1
DEVICE009,1710678060000,23.105094,89.580644,4.8,False,326.1,4
DEVICE009,1710678600000,23.102204,89.576116,10.8,True,285.9,2
DEVICE009,1710678660000,23.103483,89.57724,7.6,True,170.1,6
DEVICE009,1710679320000,23.103129,89.580557,13.0,True,33.7,3
DEVICE009,1710679920000,23.103737,89.578313,0.2,False,328.2,4
DEVICE009,1710680460000,23.103892,89.576068,6.9,False,130.2,3
DEVICE009,1710681660000,23.099482,89.581359,5.4,False,16.4,6
DEVICE009,1710682140000,23.104517,89.578243,2.4,True,105.4,3
DEVICE009,1710683340000,23.102318,89.578152,4.2,True,23.3,1
DEVICE009,1710683460000,23.100006,89.57618,1.5,False,179.2,1
DEVICE009,1710684660000,23.120019,89.54856,43.3,True,161.5,4
DEVICE009,1710684780000,23.091349,89.603293,15.9,True,190.8,2
DEVICE009,1710684960000,23.093198,89.585591,56.2,True,353.3,4
DEVICE009,1710684960000,23.082974,89.585157,18.2,True,245.9,2
DEVICE009,1710685800000,23.09829,89.572441,41.9,True,239.2,1
DEVICE009,1710685800000,23.112809,89.565961,66.7,True,339.5,2
DEVICE009,1710686700000,23.104196,89.580946,37.5,True,202.5,3
DEVICE009,1710687360000,23.111159,89.560776,36.5,True,181.2,3
DEVICE009,1710687780000,23.101686,89.575861,34.4,True,94.8,6
DEVICE009,1710688080000,23.087118,89.575144,23.1,True,300.9,6
DEVICE009,1710689100000,23.103205,89.58147,45.5,True,120.5,3
DEVICE009,1710689700000,23.094409,89.584109,68.0,True,49.8,6
DEVICE009,1710689880000,23.095894,89.581371,61.2,True,3.2,2
DEVICE009,1710690180000,23.098093,89.587893,49.4,True,265.2,6
DEVICE009,1710690540000,23.120461,89.578712,24.1,True,247.4,6
DEVICE009,1710690540000,23.106069,89.587943,18.7,True,30.2,3
DEVICE009,1710691800000,23.098114,89.576726,47.0,True,96.6,6
DEVICE009,1710692820000,23.107511,89.577117,46.4,True,59.2,3
DEVICE009,1710693000000,23.104236,89.559083,16.2,True,298.8,4
DEVICE009,1710693420000,23.121433,89.581302,52.3,True,189.7,2
DEVICE009,1710693960000,23.108646,89.580323,22.4,True,339.7,2
DEVICE009,1710694440000,23.105374,89.587875,20.9,True,301.4,4
DEVICE009,1710694560000,23.100608,89.569137,37.8,True,57.2,1
DEVICE009,1710696420000,23.1073,89.573212,21.4,True,318.1,1
DEVICE009,1710696960000,23.106507,89.578799,21.6,True,37.3,4
DEVICE009,1710697020000,23.093478,89.572538,5.2,True,67.4,2
DEVICE009,1710697620000,23.110403,89.576161,17.4,True,197.9,1
DEVICE009,1710698160000,23.100796,89.573768,13.0,True,298.4,1
DEVICE009,1710698280000,23.108919,89.577961,11.5,True,69.8,1
DEVICE009,1710700980000,23.110624,89.579674,5.3,True,75.1,4
DEVICE009,1710701280000,23.102632,89.581536,32.9,True,125.9,6
DEVICE009,1710701580000,23.102738,89.582903,18.8,True,207.9,1
DEVICE009,1710701700000,23.105455,89.582138,29.3,True,159.7,2
DEVICE009,1710701880000,23.088225,89.574295,21.7,True,11.7,4
DEVICE009,1710703200000,23.095041,89.572092,8.3,True,81.0,4
DEVICE009,1710703380000,23.101642,89.571026,5.7,True,196.6,3
DEVICE009,1710703680000,23.101058,89.581259,16.9,True,310.7,6
DEVICE009,1710704460000,23.110764,89.576906,14.1,True,95.3,6
DEVICE009,1710704640000,23.103047,89.574268,9.7,True,310.0,2
DEVICE009,1710704940000,23.10005,89.579381,21.9,True,155.0,4
DEVICE009,1710705420000,23.10472,89.574222,22.2,True,234.8,3
DEVICE009,1710706200000,23.099406,89.572205,1.1,False,203.4,2
DEVICE009,1710707160000,23.107871,89.577847,18.7,True,304.7,1
DEVICE009,1710707880000,23.103735,89.571608,1.2,False,279.6,3
DEVICE009,1710710520000,23.105239,89.571975,1.7,False,289.9,3
DEVICE009,1710711540000,23.096443,89.576303,0.8,True,210.5,2
DEVICE009,1710712440000,23.10757,89.582125,24.3,True,81.4,3
DEVICE009,1710712620000,23.102886,89.579896,3.9,False,344.7,2
DEVICE009,1710713520000,23.103023,89.584162,18.9,True,106.0,2
DEVICE009,1710714060000,23.102535,89.577331,19.9,True,307.9,6
DEVICE009,1710714120000,23.102104,89.565604,14.1,True,83.0,2
DEVICE009,1710714300000,23.101516,89.577171,23.0,True,292.3,1
DEVICE009,1710714720000,23.103738,89.575753,20.3,True,282.0,6
DEVICE009,1710716580000,23.105829,89.577419,2.9,False,27.1,4
DEVICE009,1710717540000,23.102662,89.579133,14.7,True,5.4,2
DEVICE009,1710718680000,23.102703,89.579361,19.4,True,73.1,4
DEVICE009,1710719280000,23.104935,89.581403,6.8,True,160.0,3
DEVICE009,1710719280000,23.100495,89.583684,15.0,True,216.4,2
DEVICE010,1710633600000,23.113824,89.596946,0.3,True,283.3,4
DEVICE010,1710634140000,23.113947,89.596901,4.0,True,146.4,6
DEVICE010,1710634560000,23.113777,89.596948,0.3,True,335.9,1
DEVICE010,1710634920000,23.113989,89.596943,0.5,True,155.1,1
DEVICE010,1710635040000,23.113888,89.597011,1.8,True,321.0,3
DEVICE010,1710636660000,23.114016,89.597071,2.7,True,128.7,4
DEVICE010,1710637260000,23.113923,89.597046,2.6,True,169.2,1
DEVICE010,1710637380000,23.11394,89.596873,0.9,True,17.5,6
DEVICE010,1710637980000,23.113797,89.596896,1.3,True,156.0,1
DEVICE010,1710638340000,23.113889,89.59718,4.0,True,184.6,4
DEVICE010,1710639960000,23.113988,89.596968,0.3,True,69.8,6
DEVICE010,1710640020000,23.114048,89.596985,2.7,True,314.2,1
DEVICE010,1710640920000,23.113919,89.596959,0.7,True,258.2,3
DEVICE010,1710641280000,23.113884,89.597008,4.2,True,96.7,2
DEVICE010,1710642180000,23.113912,89.596975,1.9,True,114.4,1
DEVICE010,1710642540000,23.113916,89.596862,1.0,True,248.9,3
DEVICE010,1710642600000,23.114065,89.596794,3.0,True,322.3,4
DEVICE010,1710642720000,23.114002,89.596967,4.9,True,230.5,2
DEVICE010,1710642960000,23.114004,89.59697,1.3,True,298.2,6
DEVICE010,1710644940000,23.113925,89.596931,3.3,True,84.0,1
DEVICE010,1710645240000,23.113908,89.596811,0.5,True,169.6,6
DEVICE010,1710645720000,23.113777,89.596859,4.6,True,119.6,3
DEVICE010,1710646020000,23.113721,89.5968,2.3,True,40.9,3
DEVICE010,1710646740000,23.113979,89.596966,4.2,True,112.4,1
DEVICE010,1710648720000,23.113755,89.596937,0.0,True,302.1,3
DEVICE010,1710649920000,23.11389,89.596643,4.5,True,247.2,2
DEVICE010,1710651000000,23.114022,89.596849,3.2,True,290.2,3
DEVICE010,1710651660000,23.113833,89.597056,3.7,True,257.9,3
DEVICE010,1710652200000,23.113958,89.596888,2.3,True,185.9,1
DEVICE010,1710653760000,23.11392,89.597129,2.1,True,60.6,4
DEVICE010,1710655920000,23.111552,89.599069,36.0,True,212.5,1
DEVICE010,1710656580000,23.118215,89.586475,17.8,True,287.4,1
DEVICE010,1710656940000,23.119038,89.603974,31.2,True,319.1,3
DEVICE010,1710657660000,23.10829,89.598774,29.2,True,208.5,2
DEVICE010,1710658320000,23.111245,89.603412,25.2,True,213.7,1
DEVICE010,1710658740000,23.115449,89.599152,27.6,True,261.0,2
DEVICE010,1710658980000,23.105288,89.594025,35.1,True,354.4,6
DEVICE010,1710659640000,23.114713,89.595451,29.1,True,255.0,4
DEVICE010,1710660000000,23.119438,89.591289,39.7,True,226.0,4
DEVICE010,1710660000000,23.121905,89.600757,36.1,True,151.5,3
DEVICE010,1710663120000,23.122081,89.601276,32.8,True,311.4,6
DEVICE010,1710663720000,23.111006,89.603097,32.5,True,200.8,3
DEVICE010,1710663780000,23.107787,89.591985,30.3,True,140.6,4
DEVICE010,1710664740000,23.118499,89.590025,35.6,True,166.6,1
DEVICE010,1710665520000,23.107595,89.596739,31.5,True,159.6,2
DEVICE010,1710666060000,23.125686,89.593896,51.7,True,143.5,2
DEVICE010,1710666060000,23.112187,89.599932,37.9,True,316.3,6
DEVICE010,1710666120000,23.124079,89.600057,52.4,True,79.0,2
DEVICE010,1710666360000,23.101034,89.591185,9.3,True,188.3,4
DEVICE010,1710666900000,23.111801,89.592376,35.6,True,336.8,6
DEVICE010,1710668460000,23.122016,89.597318,49.7,True,257.5,6
DEVICE010,1710669240000,23.114659,89.587422,39.3,True,48.2,1
DEVICE010,1710670500000,23.122852,89.59951,42.8,True,165.7,6
DEVICE010,1710670860000,23.100369,89.601731,21.3,True,159.2,1
DEVICE010,1710670860000,23.128787,89.601049,20.4,True,114.6,1
DEVICE010,1710671160000,23.117204,89.58129,51.7,True,358.8,2
DEVICE010,1710671700000,23.097924,89.591397,8.6,True,80.6,6
DEVICE010,1710672120000,23.107638,89.599598,55.8,True,324.8,1
DEVICE010,1710672540000,23.119754,89.580863,10.2,True,78.5,3
DEVICE010,1710673380000,23.109907,89.584204,39.1,True,337.0,3
DEVICE010,1710673680000,23.102952,89.595237,38.6,True,243.2,2
DEVICE010,1710675180000,23.116654,89.591336,16.4,True,112.0,6
DEVICE010,1710675240000,23.120716,89.595744,12.6,True,111.1,4
DEVICE010,1710676440000,23.105464,89.595028,3.0,True,116.7,4
DEVICE010,1710676860000,23.1148,89.595057,13.7,False,308.2,3
DEVICE010,1710678120000,23.113454,89.602412,6.4,True,206.8,3
DEVICE010,1710678480000,23.114518,89.602315,8.1,False,289.5,3
DEVICE010,1710678480000,23.111408,89.595104,10.6,False,53.0,4
DEVICE010,1710679080000,23.112051,89.595892,1.1,False,314.2,6
DEVICE010,1710679680000,23.115184,89.595582,7.5,False,340.2,3
DEVICE010,1710679920000,23.114129,89.598013,0.3,True,114.9,2
DEVICE010,1710680760000,23.113649,89.595908,7.6,False,298.8,3
DEVICE010,1710681300000,23.116131,89.597295,8.7,True,74.6,3
DEVICE010,1710681540000,23.11559,89.597734,1.4,True,266.0,6
DEVICE010,1710682500000,23.109766,89.591779,5.5,True,81.6,2
DEVICE010,1710684240000,23.124622,89.604143,40.8,True,25.8,3
DEVICE010,1710684420000,23.105449,89.600191,35.5,True,341.4,2
DEVICE010,1710685320000,23.100686,89.578679,42.7,True,175.3,6
DEVICE010,1710685440000,23.126387,89.601769,51.9,True,294.2,2
DEVICE010,1710687240000,23.113733,89.603192,38.3,True,44.0,6
DEVICE010,1710687420000,23.11626,89.61377,69.9,True,301.6,4
DEVICE010,1710688080000,23.121755,89.595911,50.8,True,211.8,1
DEVICE010,1710689160000,23.114437,89.596798,34.8,True,359.1,4
DEVICE010,1710689460000,23.110074,89.61282,58.7,True,46.2,2
DEVICE010,1710689640000,23.096499,89.567747,34.3,True,349.6,1
DEVICE010,1710689760000,23.100433,89.58897,53.6,True,67.4,6
DEVICE010,1710690660000,23.127692,89.593582,19.1,True,348.9,1
DEVICE010,1710691020000,23.105964,89.6047,21.3,True,215.9,4
DEVICE010,1710691080000,23.125182,89.6187,24.4,True,11.5,2
DEVICE010,1710691440000,23.108623,89.590907,29.6,True,145.3,3
DEVICE010,1710693060000,23.113645,89.592529,31.5,True,311.1,6
DEVICE010,1710694620000,23.109764,89.570548,69.3,True,199.3,4
DEVICE010,1710694860000,23.116417,89.607045,23.5,True,126.2,4
DEVICE010,1710695580000,23.105295,89.591894,7.0,True,264.6,4
DEVICE010,1710695940000,23.119277,89.593459,30.5,True,110.6,4
DEVICE010,1710697920000,23.109619,89.595576,6.6,True,270.6,4
DEVICE010,1710698220000,23.109882,89.60379,23.4,True,56.9,2
DEVICE010,1710698520000,23.12809,89.589991,5.8,True,330.9,6
DEVICE010,1710699600000,23.118576,89.606691,5.1,True,123.6,2
DEVICE010,1710700560000,23.109541,89.597827,5.0,True,84.0,3
DEVICE010,1710700980000,23.116686,89.593183,18.2,True,33.4,6
DEVICE010,1710701580000,23.124144,89.59491,33.1,True,333.1,3
DEVICE010,1710701760000,23.110154,89.597407,21.5,True,327.8,2
DEVICE010,1710703020000,23.11374,89.594456,16.3,True,247.2,3
DEVICE010,1710703740000,23.102978,89.599291,20.8,True,76.9,2
DEVICE010,1710703860000,23.107495,89.600233,24.5,True,18.6,6
DEVICE010,1710704220000,23.115486,89.59909,29.9,True,93.9,6
DEVICE010,1710705300000,23.111963,89.604653,25.6,True,102.7,4
DEVICE010,1710706740000,23.115052,89.597625,5.2,True,23.4,2
DEVICE010,1710707220000,23.1103,89.599172,12.0,True,340.3,1
DEVICE010,1710707460000,23.116839,89.59851,20.0,True,16.3,4
DEVICE010,1710707520000,23.113288,89.593295,1.3,False,347.4,1
DEVICE010,1710708000000,23.112518,89.59769,13.1,True,274.0,1
DEVICE010,1710709200000,23.115783,89.597603,10.1,True,66.6,6
DEVICE010,1710710280000,23.116945,89.597484,19.7,True,13.2,3
DEVICE010,1710710820000,23.118465,89.596291,21.9,True,120.6,1
DEVICE010,1710711660000,23.114787,89.595541,13.7,True,154.0,6
DEVICE010,1710711720000,23.112284,89.598645,4.9,False,254.4,2
DEVICE010,1710711780000,23.1148,89.595369,8.2,True,266.7,1
DEVICE010,1710713760000,23.112507,89.596081,8.0,True,34.4,4
DEVICE010,1710714420000,23.115264,89.601696,22.3,True,50.6,2
DEVICE010,1710716040000,23.116495,89.597477,3.4,False,312.9,6
DEVICE010,1710717060000,23.116709,89.597813,16.6,True,235.8,1
DEVICE010,1710717360000,23.114913,89.600759,13.4,True,69.3,2
DEVICE010,1710717780000,23.11535,89.596545,4.5,True,77.3,2
DEVICE010,1710718920000,23.11419,89.591118,18.5,True,41.0,2
